"","Cls","Atr","Num","Nom","Spl","Dim","NumRate","NomRate","SymMin","SymMax","SymMean","SymSd","SymSum","ClMin","ClMax","ClMean","ClSd","Sks","SksP","Kts","KtsP","AbsC","CanC","Fnd","ClEnt","NClEnt","AtrEnt","NAtrEnt","JEnt","MutInf","EAttr","NoiSig","Nb","Lda","Nn","auc","accuracy"
"city",2,499,0,499,4500,0.110888888888889,0,1,2,2,2,0,1000,0.0148888888888889,0.985111111111111,0.5,0.686050712591215,0,7.39955133466189,3,64.2611474245863,0.0226413962201026,0.347725460906302,1,0.0774171359975178,0.111689318183445,0.0812780357765567,0.117259419148034,0.15853091855716,0.000164253216914596,471.327974281142,493.833753051042,0.0148888888888889,0.984,0.958666666666667,"RF","SVM"
"mountain",2,499,0,499,4500,0.110888888888889,0,1,2,2,2,0,1000,0.0682222222222222,0.931777777777778,0.5,0.61062598926465,0,8.99355711479538,3,96.4551948650632,0.0207912168502007,0.440600172059996,1,0.24901592144813,0.359254034975613,0.0812780357765567,0.117259419148034,0.329936124889069,0.000357832335617347,695.901115304512,226.139997385459,0.168,0.935777777777778,0.895777777777778,"RF","SVM"
"sky",2,499,0,499,4500,0.110888888888889,0,1,2,2,2,0,1000,0.196222222222222,0.803777777777778,0.5,0.429606653280894,0,9.39804051814912,3,112.745223266279,0.0188257671506,0.518832504758125,1,0.495120499957515,0.71430788993117,0.0812780357765567,0.117259419148034,0.575806569435369,0.000591966298701554,836.399810333012,136.301795650928,0.522444444444444,0.840666666666667,0.706666666666667,"RF","NB"
"sun",2,499,0,499,4500,0.110888888888889,0,1,2,2,2,0,1000,0.0224444444444444,0.977555555555556,0.5,0.675365543453285,0,7.90694235504961,3,73.5418453084947,0.0200418949092264,0.615301290530757,1,0.107405757177526,0.154953753242941,0.0812780357765567,0.117259419148034,0.188197785596178,0.000486007357904312,220.996154545201,166.236224832134,0.0224444444444444,0.980666666666667,0.946888888888889,"RF","SVM"
"water",2,499,0,499,4500,0.110888888888889,0,1,2,2,2,0,1000,0.223111111111111,0.776888888888889,0.5,0.391580021937084,0,8.96180811283179,3,98.415253202317,0.0191986281731332,0.46204486020661,1,0.530817482598506,0.765807749762028,0.0812780357765567,0.117259419148034,0.611721822838094,0.000373695536968196,1420.45443439075,216.498010374885,0.511333333333333,0.803777777777778,0.720222222222222,"RF","NB"
"clouds",2,499,0,499,4500,0.110888888888889,0,1,2,2,2,0,1000,0.0564444444444444,0.943555555555556,0.5,0.6272822823326,0,8.79633205233071,3,90.6980367599654,0.0211708215309108,0.456810151452662,1,0.21707007512013,0.313165920901207,0.0812780357765567,0.117259419148034,0.298003746676211,0.000344364220475673,630.35025770183,235.023462786833,0.0593333333333333,0.940666666666667,0.910666666666667,"RF","SVM"
"tree",2,499,0,499,4500,0.110888888888889,0,1,2,2,2,0,1000,0.189777777777778,0.810222222222222,0.5,0.438720474016187,0,8.86462821853189,3,93.4188149935479,0.0196030054895165,0.43994676030357,1,0.485900579692765,0.701006356687825,0.0812780357765567,0.117259419148034,0.566895291645137,0.000283323824183639,1715.00078079499,285.873283638426,0.505777777777778,0.826444444444444,0.768222222222222,"RF","NB"
"lake",2,499,0,499,4500,0.110888888888889,0,1,2,2,2,0,1000,0.00311111111111111,0.996888888888889,0.5,0.702707005659165,0,5.84798182668861,3,48.7831559870188,0.0208378125038906,0.367457361736285,1,0.0210660120997037,0.0303918311875494,0.0812780357765567,0.117259419148034,0.102250627938996,9.34199372643775e-05,225.49803303857,869.0287985266,0.00311111111111111,0.998666666666667,0.996222222222222,"SVM","SVM"
"sea",2,499,0,499,4500,0.110888888888889,0,1,2,2,2,0,1000,0.00955555555555555,0.990444444444444,0.5,0.693593184923871,0,7.01652871181524,3,59.4070207052048,0.0218292531270027,0.384523078826583,1,0.0539491329144948,0.0778321465160011,0.0812780357765567,0.117259419148034,0.135050378122305,0.000176790568745854,305.158432925512,458.741921490158,0.00955555555555555,0.983333333333333,0.972666666666667,"RF","SVM"
"beach",2,499,0,499,4500,0.110888888888889,0,1,2,2,2,0,1000,0.0393333333333333,0.960666666666667,0.5,0.651481047733206,0,8.48951322649965,3,83.6630911899204,0.0225160106756343,0.422406404628934,1,0.165819627073136,0.23922715366047,0.0812780357765567,0.117259419148034,0.246888508311376,0.000209154538316124,792.809127681991,387.602783525119,0.0395555555555556,0.962444444444444,0.956,"RF","SVM"
"boats",2,499,0,499,4500,0.110888888888889,0,1,2,2,2,0,1000,0.0344444444444444,0.965555555555556,0.5,0.658394980704808,0,8.32147199614582,3,79.964188461197,0.0226545997569577,0.341876923845984,1,0.149867230885793,0.216212710790694,0.0812780357765567,0.117259419148034,0.230968772017884,0.000176494644464787,849.131889187112,459.512759596921,0.0344444444444444,0.963333333333333,0.944222222222222,"RF","SVM"
"people",2,499,0,499,4500,0.110888888888889,0,1,2,2,2,0,1000,0.148888888888889,0.851111111111111,0.5,0.49654609523322,0,9.06915639293269,3,99.3626434424701,0.019787650850048,0.46031717579126,1,0.420776901974627,0.607052749799417,0.0812780357765567,0.117259419148034,0.501632962997559,0.000421974753624754,997.161319155145,191.613503718837,0.615111111111111,0.862222222222222,0.739555555555556,"RF","NB"
"branch",2,499,0,499,4500,0.110888888888889,0,1,2,2,2,0,1000,0.0173333333333333,0.982666666666667,0.5,0.682593746105414,0,7.81130563840473,3,70.6197085302234,0.0226121127652167,0.405156993569203,1,0.0874710489429678,0.126194048531375,0.0812780357765567,0.117259419148034,0.168568154543135,0.000180930176389253,483.451963009104,448.223216373234,0.0173333333333333,0.978888888888889,0.961777777777778,"RF","SVM"
"leaf",2,499,0,499,4500,0.110888888888889,0,1,2,2,2,0,1000,0.0302222222222222,0.969777777777778,0.5,0.664366104634827,0,8.59484218223314,3,88.3556914182149,0.0211445159674947,0.581539058045622,1,0.135513788077784,0.195505070031897,0.0812780357765567,0.117259419148034,0.216274690278075,0.000517133576265658,262.047939444119,156.170293144538,0.0302222222222222,0.972444444444444,0.930444444444444,"RF","SVM"
"grass",2,499,0,499,4500,0.110888888888889,0,1,2,2,2,0,1000,0.0991111111111111,0.900888888888889,0.5,0.566942503671347,0,9.25062732558739,3,103.91481362125,0.0197953501112674,0.422646967511995,1,0.323125483690106,0.466171532904563,0.0812780357765567,0.117259419148034,0.404047074235936,0.000356445230725956,906.522112897991,227.023911586701,0.464666666666667,0.900888888888889,0.866222222222222,"RF","NB"
"palm",2,499,0,499,4500,0.110888888888889,0,1,2,2,2,0,1000,0.00622222222222222,0.993777777777778,0.5,0.698307230131782,0,6.5121753848888,3,54.0090230151881,0.0229859357348605,0.362407760039159,1,0.0378093991746944,0.0545474326883229,0.0812780357765567,0.117259419148034,0.118961794544275,0.000125640406976285,300.933434431099,645.910000792168,0.00622222222222222,0.991555555555556,0.993111111111111,"RF","SVM"
"horizon",2,499,0,499,4500,0.110888888888889,0,1,2,2,2,0,1000,0.0131111111111111,0.986888888888889,0.5,0.688564870035434,0,7.38537016816355,3,63.8864568256866,0.0233189289268044,0.374603727658978,1,0.0698522087489319,0.100775435157225,0.0812780357765567,0.117259419148034,0.150973705528532,0.000156538996956301,446.228799897267,518.219091452632,0.0131111111111111,0.984222222222222,0.978444444444444,"SVM","SVM"
"hills",2,499,0,499,4500,0.110888888888889,0,1,2,2,2,0,1000,0.0251111111111111,0.974888888888889,0.5,0.671594307286956,0,8.05121146018008,3,74.5102371980274,0.0230583177830236,0.373713745977475,1,0.117313658662706,0.169247833581226,0.0812780357765567,0.117259419148034,0.198417187931399,0.00017450650786372,672.259505383726,464.759339130379,0.0251111111111111,0.974,0.966444444444444,"RF","SVM"
"waves",2,499,0,499,4500,0.110888888888889,0,1,2,2,2,0,1000,0.01,0.99,0.5,0.692964645562817,0,6.94592625870945,3,58.6115268370407,0.0221808088649006,0.359937118383709,1,0.0560015343548468,0.0807931358959104,0.0812780357765567,0.117259419148034,0.137129232977137,0.00015033715426601,372.506281818773,539.638381598878,0.01,0.989333333333333,0.968444444444444,"SVM","SVM"
"birds",2,499,0,499,4500,0.110888888888889,0,1,2,2,2,0,1000,0.0397777777777778,0.960222222222222,0.5,0.650852508372151,0,8.7045449936738,3,89.8842104567705,0.0211091111859975,0.483133876040845,1,0.167237269401216,0.241272379216946,0.0812780357765567,0.117259419148034,0.24821308302792,0.000302222149853089,553.358744494771,267.934741600065,0.0397777777777778,0.963777777777778,0.928,"SVM","SVM"
"land",2,499,0,499,4500,0.110888888888889,0,1,2,2,2,0,1000,0.00333333333333333,0.996666666666667,0.5,0.702392735978637,0,5.89607432096962,3,49.1628187713027,0.0185381309846571,0.367692720017143,1,0.0223403798434845,0.0322303552117708,0.0812780357765567,0.117259419148034,0.103526360490889,9.20551291523655e-05,242.684791702456,881.927833842142,0.00333333333333333,0.991111111111111,0.992,"SVM","SVM"
"bridge",2,499,0,499,4500,0.110888888888889,0,1,2,2,2,0,1000,0.0273333333333333,0.972666666666667,0.5,0.668451610481683,0,8.13016467514728,3,76.2678071391054,0.0234811654940806,0.420006796958317,1,0.125346714403888,0.180837083262214,0.0812780357765567,0.117259419148034,0.206395203675733,0.000229546504711049,546.062396208876,353.080912183214,0.0273333333333333,0.974444444444444,0.945111111111111,"RF","NB"
"ships",2,499,0,499,4500,0.110888888888889,0,1,2,2,2,0,1000,0.00466666666666667,0.995333333333333,0.5,0.700507117895473,0,6.26195894852952,3,51.7449516339558,0.0215807672560411,0.331430632116354,1,0.0297032085773701,0.0428526717130623,0.0812780357765567,0.117259419148034,0.110883745708223,9.74986457032055e-05,304.652524792901,832.632459100758,0.00466666666666667,0.995333333333333,0.992888888888889,"SVM","SVM"
"buildings",2,499,0,499,4500,0.110888888888889,0,1,2,2,2,0,1000,0.0906666666666667,0.909333333333333,0.5,0.578884751531387,0,8.9431300119391,3,95.7778239750342,0.0206741610062372,0.394439528244209,1,0.304077539062067,0.438691157650565,0.0812780357765567,0.117259419148034,0.385120803616774,0.00023477122185023,1295.20789075269,345.201017041208,0.311777777777778,0.912,0.870444444444444,"RF","NB"
"fence",2,499,0,499,4500,0.110888888888889,0,1,2,2,2,0,1000,0.00777777777777778,0.992222222222222,0.5,0.69610734236809,0,6.69737631820673,3,55.8505604841777,0.022878144895229,0.339797023092913,1,0.045520110250866,0.0656716373196432,0.0812780357765567,0.117259419148034,0.126667796710313,0.00013034931710971,349.216330857749,622.540173272626,0.00777777777777778,0.990666666666667,0.989777777777778,"RF","SVM"
"island",2,499,0,499,4500,0.110888888888889,0,1,2,2,2,0,1000,0.00688888888888889,0.993111111111111,0.5,0.697364421090199,0,6.62508486031763,3,55.0778244728693,0.022927482628653,0.373853824380046,1,0.0411569301756032,0.059376899062556,0.0812780357765567,0.117259419148034,0.122308287535068,0.000126678417091316,324.892993776005,640.609183654129,0.00688888888888889,0.991777777777778,0.980222222222222,"SVM","SVM"
"jet",2,499,0,499,4500,0.110888888888889,0,1,2,2,2,0,1000,0.0326666666666667,0.967333333333333,0.5,0.660909138149027,0,8.53536471553724,3,84.2517526927194,0.0199106211232834,0.481578679841015,1,0.143892940728717,0.20759363200825,0.0812780357765567,0.117259419148034,0.224774476839944,0.000396499665329881,362.908101344804,203.988913947594,0.0326666666666667,0.97,0.855333333333333,"SVM","SVM"
"plane",2,499,0,499,4500,0.110888888888889,0,1,2,2,2,0,1000,0.0442222222222222,0.955777777777778,0.5,0.644567114761604,0,8.90515542892855,3,92.2941561732414,0.0199464777112937,0.502081995976874,1,0.181137910442184,0.261326765111927,0.0812780357765567,0.117259419148034,0.26196618384954,0.000449762369200197,402.741364877407,179.713286265127,0.0442222222222222,0.961111111111111,0.833777777777778,"SVM","SVM"
"runway",2,499,0,499,4500,0.110888888888889,0,1,2,2,2,0,1000,0.00644444444444444,0.993555555555556,0.5,0.697992960451254,0,6.56829754876117,3,54.5297753946353,0.0224340256879327,0.359267227996501,1,0.03893287171136,0.0561682609455452,0.0812780357765567,0.117259419148034,0.120085216991952,0.000125690495964198,309.75191411807,645.652200335878,0.00644444444444444,0.991555555555556,0.992222222222222,"SVM","SVM"
"flight",2,499,0,499,4500,0.110888888888889,0,1,2,2,2,0,1000,0.00666666666666667,0.993333333333333,0.5,0.697678690770727,0,6.56051284061384,3,54.5170257175385,0.0193437223868715,0.357808455163789,1,0.0400486301904337,0.0577779601701347,0.0812780357765567,0.117259419148034,0.121187743249534,0.000138922717456201,288.279922274484,584.059357208312,0.00666666666666667,0.990888888888889,0.974666666666667,"SVM","SVM"
"flag",2,499,0,499,4500,0.110888888888889,0,1,2,2,2,0,1000,0.00466666666666667,0.995333333333333,0.5,0.700507117895473,0,6.28429919086604,3,52.05617015157,0.021276636836372,0.366348888295371,1,0.0297032085773701,0.0428526717130623,0.0812780357765567,0.117259419148034,0.110881423125419,9.98212285078457e-05,297.56404545788,813.235979575912,0.00466666666666667,0.997111111111111,0.978444444444444,"SVM","SVM"
"prop",2,499,0,499,4500,0.110888888888889,0,1,2,2,2,0,1000,0.00466666666666667,0.995333333333333,0.5,0.700507117895473,0,6.20843138964897,3,51.3696644347534,0.0184449133273454,0.355669241834505,1,0.0297032085773701,0.0428526717130623,0.0812780357765567,0.117259419148034,0.110875169690071,0.000106074663856002,280.021708272322,765.234205435642,0.00466666666666667,0.988888888888889,0.975777777777778,"SVM","SVM"
"f-16",2,499,0,499,4500,0.110888888888889,0,1,2,2,2,0,1000,0.00266666666666667,0.997333333333333,0.5,0.703335545020219,0,5.71290926171296,3,47.9425514545993,0.0179812211971842,0.312284761864156,1,0.0184682440156507,0.0266440440553066,0.0812780357765567,0.117259419148034,0.0996737819136069,7.24978786004985e-05,254.741854136456,1120.1091599582,0.00266666666666667,0.994222222222222,0.994,"SVM","SVM"
"tails",2,499,0,499,4500,0.110888888888889,0,1,2,2,2,0,1000,0.00266666666666667,0.997333333333333,0.5,0.703335545020219,0,5.77467883781831,3,48.2384763051996,0.0198133564044065,0.317640117330391,1,0.0184682440156507,0.0266440440553066,0.0812780357765567,0.117259419148034,0.0996747723331859,7.15074590215731e-05,258.27017584388,1135.63716888662,0.00266666666666667,0.996888888888889,0.996666666666667,"SVM","SVM"
"smoke",2,499,0,499,4500,0.110888888888889,0,1,2,2,2,0,1000,0.00977777777777778,0.990222222222222,0.5,0.693278915243344,0,7.0338301797025,3,59.4246517492911,0.0231626702458142,0.370216238928755,1,0.0549778840398041,0.0793163206627938,0.0812780357765567,0.117259419148034,0.136101193093856,0.000154726722505115,355.322488253357,524.300571618261,0.00977777777777778,0.989111111111111,0.988222222222222,"RF","SVM"
"formation",2,499,0,499,4500,0.110888888888889,0,1,2,2,2,0,1000,0.00533333333333333,0.994666666666667,0.5,0.699564308853891,0,6.45242842078973,3,53.2231067844423,0.0213202074424167,0.310082033668616,1,0.0332325729350416,0.0479444681693652,0.0812780357765567,0.117259419148034,0.114414601189134,9.60075224643667e-05,346.145511122588,845.579868850622,0.00533333333333333,0.993333333333333,0.974444444444444,"SVM","SVM"
"bear",2,499,0,499,4500,0.110888888888889,0,1,2,2,2,0,1000,0.044,0.956,0.5,0.644881384442131,0,8.78262512223614,3,90.2769253676629,0.0211230251202015,0.453115628994286,1,0.180454370212596,0.260340625012453,0.0812780357765567,0.117259419148034,0.261402521149229,0.000329884839923228,547.02231922689,245.383058389321,0.044,0.955333333333333,0.926,"RF","SVM"
"polar",2,499,0,499,4500,0.110888888888889,0,1,2,2,2,0,1000,0.0271111111111111,0.972888888888889,0.5,0.66876588016221,0,7.9991168241297,3,74.4924872314248,0.0212025525173958,0.472457670820489,1,0.124552020001968,0.179690581589542,0.0812780357765567,0.117259419148034,0.205483448155383,0.000346607623141295,359.345876103809,233.495811257514,0.0271111111111111,0.971111111111111,0.943777777777778,"RF","SVM"
"snow",2,499,0,499,4500,0.110888888888889,0,1,2,2,2,0,1000,0.0593333333333333,0.940666666666667,0.5,0.623196776485744,0,8.62828386955629,3,88.2257161351097,0.0210093415651152,0.471653356671959,1,0.225129211776647,0.32479279738941,0.0812780357765567,0.117259419148034,0.305938351431559,0.000468896121644899,480.125983953307,172.339108652533,0.0595555555555556,0.942666666666667,0.909555555555556,"RF","SVM"
"tundra",2,499,0,499,4500,0.110888888888889,0,1,2,2,2,0,1000,0.00733333333333333,0.992666666666667,0.5,0.696735881729145,0,6.64123694211008,3,55.2071873292292,0.0217598189512108,0.323913935751612,1,0.0433520959787881,0.0625438538807399,0.0812780357765567,0.117259419148034,0.124509034851178,0.000121096904166806,357.995080692339,670.181780705143,0.00733333333333333,0.994,0.986888888888889,"SVM","SVM"
"ice",2,499,0,499,4500,0.110888888888889,0,1,2,2,2,0,1000,0.022,0.978,0.5,0.675994082814339,0,7.81070947146713,3,70.9496319856252,0.0222192101815532,0.387984639449084,1,0.105723887714205,0.152527328508786,0.0812780357765567,0.117259419148034,0.186761925278868,0.000239998211893919,440.519480874034,337.661005576501,0.022,0.974666666666667,0.925555555555556,"RF","SVM"
"head",2,499,0,499,4500,0.110888888888889,0,1,2,2,2,0,1000,0.0157777777777778,0.984222222222222,0.5,0.684793633869105,0,7.59427931801469,3,67.0008783723025,0.0234644683813569,0.343509410851445,1,0.0811170596371262,0.117027179669976,0.0812780357765567,0.117259419148034,0.162245677977855,0.000149417435827478,542.888848198321,542.966206664145,0.0157777777777778,0.987333333333333,0.978222222222222,"RF","SVM"
"black",2,499,0,499,4500,0.110888888888889,0,1,2,2,2,0,1000,0.00755555555555556,0.992444444444444,0.5,0.696421612048618,0,6.67904515721984,3,55.6784633944871,0.0238393614234946,0.386889160549459,1,0.0444393964393441,0.0641124968631405,0.0812780357765567,0.117259419148034,0.125574601967403,0.000142830248497553,311.134349388922,568.053380719627,0.00755555555555556,0.994222222222222,0.992444444444444,"SVM","SVM"
"reflection",2,499,0,499,4500,0.110888888888889,0,1,2,2,2,0,1000,0.0122222222222222,0.987777777777778,0.5,0.689821948757543,0,7.428256803229,3,64.091716554929,0.0237235167004468,0.330249022775476,1,0.0659799962435965,0.0951890133785091,0.0812780357765567,0.117259419148034,0.147137274362388,0.00012075765776498,546.383537613885,672.067342319119,0.0122222222222222,0.990222222222222,0.981333333333333,"RF","SVM"
"ground",2,499,0,499,4500,0.110888888888889,0,1,2,2,2,0,1000,0.0133333333333333,0.986666666666667,0.5,0.688250600354906,0,7.41879116396871,3,64.5915942040546,0.0228999824561814,0.388544104810504,1,0.0708105549081957,0.10215803640865,0.0812780357765567,0.117259419148034,0.151899975460153,0.000188615224598772,375.423325761884,429.919804853791,0.0133333333333333,0.981333333333333,0.976888888888889,"RF","SVM"
"forest",2,499,0,499,4500,0.110888888888889,0,1,2,2,2,0,1000,0.0157777777777778,0.984222222222222,0.5,0.684793633869105,0,7.53464949528362,3,66.3313009749975,0.0231153383363202,0.391001771659694,1,0.0811170596371262,0.117027179669976,0.0812780357765567,0.117259419148034,0.162203326676548,0.000191768737134355,422.99417960027,422.833608079781,0.0157777777777778,0.984444444444444,0.981333333333333,"RF","SVM"
"river",2,499,0,499,4500,0.110888888888889,0,1,2,2,2,0,1000,0.0106666666666667,0.989333333333333,0.5,0.692021836521235,0,7.14409050328866,3,60.6529903930509,0.0239185538739739,0.340416963052755,1,0.0590429788455094,0.0851810127797283,0.0812780357765567,0.117259419148034,0.140192064783996,0.000128949838069594,457.875556335664,629.307389239922,0.0106666666666667,0.99,0.962,"RF","SVM"
"field",2,499,0,499,4500,0.110888888888889,0,1,2,2,2,0,1000,0.044,0.956,0.5,0.644881384442131,0,8.8438148993004,3,91.2920218624512,0.0210370408441982,0.522698008343923,1,0.180454370212596,0.260340625012453,0.0812780357765567,0.117259419148034,0.261331083617789,0.000401322371363022,449.649416751212,201.525554457655,0.0442222222222222,0.96,0.949555555555556,"RF","SVM"
"flowers",2,499,0,499,4500,0.110888888888889,0,1,2,2,2,0,1000,0.0597777777777778,0.940222222222222,0.5,0.622568237124689,0,9.13872036560439,3,104.704137143968,0.0207910163617484,0.56400030363255,1,0.226355631911858,0.326562147636525,0.0812780357765567,0.117259419148034,0.307075626130975,0.000558041557438846,405.625045114428,144.64871503403,0.203333333333333,0.950888888888889,0.910222222222222,"RF","SVM"
"meadow",2,499,0,499,4500,0.110888888888889,0,1,2,2,2,0,1000,0.00333333333333333,0.996666666666667,0.5,0.702392735978637,0,5.88994029109432,3,49.0878003278286,0.0202207743424319,0.344364839565875,1,0.0223403798434845,0.0322303552117708,0.0812780357765567,0.117259419148034,0.103528052585552,9.03630344886622e-05,247.229190231405,898.461115227982,0.00333333333333333,0.997111111111111,0.995111111111111,"SVM","SVM"
"rocks",2,499,0,499,4500,0.110888888888889,0,1,2,2,2,0,1000,0.0506666666666667,0.949333333333333,0.5,0.635453294026311,0,8.57170187442572,3,86.4141680939603,0.0215725412391644,0.386783896668806,1,0.20047354387045,0.289222187571334,0.0812780357765567,0.117259419148034,0.281492413645111,0.000259166001895268,773.533343125244,312.613804211103,0.0506666666666667,0.949111111111111,0.884,"RF","SVM"
"hillside",2,499,0,499,4500,0.110888888888889,0,1,2,2,2,0,1000,0.00466666666666667,0.995333333333333,0.5,0.700507117895473,0,6.12147752312889,3,50.7976877865758,0.0207159648439448,0.352724687667769,1,0.0297032085773701,0.0428526717130623,0.0812780357765567,0.117259419148034,0.110867732193819,0.000113512160107299,261.674243088078,715.029328485404,0.00466666666666667,0.997777777777778,0.993333333333333,"SVM","SVM"
"close-up",2,499,0,499,4500,0.110888888888889,0,1,2,2,2,0,1000,0.0248888888888889,0.975111111111111,0.5,0.671908576967484,0,8.17350204105795,3,76.7603859178471,0.0229210067385546,0.399869484162787,1,0.116499533121337,0.168073298700032,0.0812780357765567,0.117259419148034,0.19758930191786,0.000188266980033175,618.799606286816,430.716893542535,0.0248888888888889,0.974888888888889,0.935777777777778,"SVM","SVM"
"grizzly",2,499,0,499,4500,0.110888888888889,0,1,2,2,2,0,1000,0.00666666666666667,0.993333333333333,0.5,0.697678690770727,0,6.56228794641899,3,54.571289408118,0.0213438291210352,0.360700130036579,1,0.0400486301904337,0.0577779601701347,0.0812780357765567,0.117259419148034,0.12119864723529,0.000128018731700638,312.834142772827,633.891743550615,0.00666666666666667,0.992,0.989777777777778,"SVM","SVM"
"cubs",2,499,0,499,4500,0.110888888888889,0,1,2,2,2,0,1000,0.00333333333333333,0.996666666666667,0.5,0.702392735978637,0,5.87091321567359,3,48.9430221258445,0.0185556634776866,0.295106914392818,1,0.0223403798434845,0.0322303552117708,0.0812780357765567,0.117259419148034,0.1035380771795,8.03384405407227e-05,278.078335764563,1010.69546271386,0.00333333333333333,0.996222222222222,0.982666666666667,"SVM","SVM"
"log",2,499,0,499,4500,0.110888888888889,0,1,2,2,2,0,1000,0.004,0.996,0.5,0.701449926937055,0,6.03083022705145,3,50.1109206029021,0.0207726733002352,0.335942964746952,1,0.0260778329833986,0.0376223603222798,0.0812780357765567,0.117259419148034,0.107258934749365,9.69340105906402e-05,269.026658698022,837.488320882545,0.004,0.996666666666667,0.994888888888889,"RF","SVM"
"hut",2,499,0,499,4500,0.110888888888889,0,1,2,2,2,0,1000,0.00555555555555556,0.994444444444444,0.5,0.699250039173364,0,6.41458550868513,3,52.9917280869283,0.0220760153682103,0.326550667343921,1,0.0343898550819048,0.0496140733835542,0.0812780357765567,0.117259419148034,0.115563699642059,0.000104191216402817,330.064819945561,779.085294928557,0.00555555555555556,0.994888888888889,0.992222222222222,"SVM","SVM"
"sunset",2,499,0,499,4500,0.110888888888889,0,1,2,2,2,0,1000,0.0168888888888889,0.983111111111111,0.5,0.683222285466469,0,7.44757673621977,3,65.9491903717132,0.0211559015464157,0.475381055148186,1,0.0856706950943753,0.123596686962166,0.0812780357765567,0.117259419148034,0.166620127115406,0.000328603755525532,260.711247676897,246.343599730228,0.0168888888888889,0.976222222222222,0.964222222222222,"RF","RF"
"display",2,499,0,499,4500,0.110888888888889,0,1,2,2,2,0,1000,0.00711111111111111,0.992888888888889,0.5,0.697050151409672,0,6.61354037775719,3,55.045527760015,0.0217380425799497,0.384341010660404,1,0.0422580107329775,0.0609654225222993,0.0812780357765567,0.117259419148034,0.123387770968241,0.000148275541292855,284.996502892644,547.155380637098,0.00711111111111111,0.986222222222222,0.981111111111111,"SVM","RF"
"plants",2,499,0,499,4500,0.110888888888889,0,1,2,2,2,0,1000,0.0286666666666667,0.971333333333333,0.5,0.666565992398519,0,8.44209521550916,3,83.9553542118699,0.021382884046244,0.568522259364285,1,0.130076375356145,0.187660541663122,0.0812780357765567,0.117259419148034,0.210900876140997,0.000453534991704907,286.805599865996,178.210065955485,0.0286666666666667,0.974666666666667,0.93,"RF","SVM"
"pool",2,499,0,499,4500,0.110888888888889,0,1,2,2,2,0,1000,0.0171111111111111,0.982888888888889,0.5,0.682908015785941,0,7.58845480422317,3,68.0405599519684,0.0232771596772756,0.599197052450778,1,0.0865723401818901,0.124897485858565,0.0812780357765567,0.117259419148034,0.167503318897098,0.000347057061349194,249.446992507047,233.192139645815,0.0171111111111111,0.984444444444444,0.922,"SVM","SVM"
"coral",2,499,0,499,4500,0.110888888888889,0,1,2,2,2,0,1000,0.0197777777777778,0.980222222222222,0.5,0.679136779619613,0,7.91821705526618,3,72.5107992460781,0.0224866079955741,0.499338017889198,1,0.0971729999652897,0.140191005158227,0.0812780357765567,0.117259419148034,0.178182255821632,0.000268779920213717,361.533703440435,301.39623448035,0.0197777777777778,0.983555555555556,0.969777777777778,"SVM","SVM"
"anemone",2,499,0,499,4500,0.110888888888889,0,1,2,2,2,0,1000,0.00288888888888889,0.997111111111111,0.5,0.703021275339692,0,5.78163719026299,3,48.4501787818923,0.0205813231864227,0.373438211102644,1,0.0197757082781358,0.0285303162629333,0.0812780357765567,0.117259419148034,0.100964021995929,8.97220587632704e-05,220.410772453556,904.886878844443,0.00288888888888889,0.996444444444444,0.996666666666667,"SVM","SVM"
"fish",2,499,0,499,4500,0.110888888888889,0,1,2,2,2,0,1000,0.006,0.994,0.5,0.698621499812309,0,6.52430050856027,3,54.0688935183907,0.0216422809701199,0.372122720937351,1,0.0366779387501346,0.0529150803448483,0.0812780357765567,0.117259419148034,0.117836031000783,0.00011994352590801,305.793401290075,676.635872059426,0.006,0.993777777777778,0.981777777777778,"SVM","SVM"
"ocean",2,499,0,499,4500,0.110888888888889,0,1,2,2,2,0,1000,0.0213333333333333,0.978666666666667,0.5,0.676936891855922,0,7.9803650630521,3,73.6568643054796,0.0224999114500981,0.494287723240604,1,0.103183811118502,0.148862772600686,0.0812780357765567,0.117259419148034,0.184185630525552,0.00027621636950651,373.561535483399,293.254956437841,0.0213333333333333,0.982666666666667,0.968222222222222,"SVM","SVM"
"face",2,499,0,499,4500,0.110888888888889,0,1,2,2,2,0,1000,0.00422222222222222,0.995777777777778,0.5,0.701135657256528,0,6.03839179800125,3,50.2004333076012,0.019516859190381,0.360544428801194,1,0.0272978472337737,0.0393824688311098,0.0812780357765567,0.117259419148034,0.10846880023646,0.000107082773870365,254.92286244677,758.020642059124,0.00422222222222222,0.994444444444444,0.983111111111111,"RF","SVM"
"sand",2,499,0,499,4500,0.110888888888889,0,1,2,2,2,0,1000,0.0408888888888889,0.959111111111111,0.5,0.649281159969514,0,8.50409171112514,3,83.7807245481475,0.0220230288447484,0.418385162204077,1,0.170758868636721,0.246352972970007,0.0812780357765567,0.117259419148034,0.251775412130608,0.000261492282670184,653.016857297072,309.823841325641,0.0408888888888889,0.959111111111111,0.933333333333333,"RF","SVM"
"farms",2,499,0,499,4500,0.110888888888889,0,1,2,2,2,0,1000,0.00466666666666667,0.995333333333333,0.5,0.700507117895473,0,6.26446034745468,3,51.7929793833941,0.0220232506823513,0.345076213317671,1,0.0297032085773701,0.0428526717130623,0.0812780357765567,0.117259419148034,0.110880791850065,0.000100452503861418,295.694058739918,808.119062763092,0.00466666666666667,0.994888888888889,0.994222222222222,"SVM","SVM"
"reefs",2,499,0,499,4500,0.110888888888889,0,1,2,2,2,0,1000,0.0124444444444444,0.987555555555556,0.5,0.689507679077016,0,7.26997447261474,3,62.8179190696968,0.0228674796311601,0.45854512550798,1,0.066954008056971,0.0965942153914318,0.0812780357765567,0.117259419148034,0.148016161858978,0.00021588197455012,310.141725340884,375.492923718774,0.0124444444444444,0.987111111111111,0.977111111111111,"SVM","SVM"
"house",2,499,0,499,4500,0.110888888888889,0,1,2,2,2,0,1000,0.0275555555555556,0.972444444444444,0.5,0.668137340801156,0,8.115423469117,3,75.9791109647717,0.02344767629992,0.380367167626453,1,0.126139551330729,0.181980905164801,0.0812780357765567,0.117259419148034,0.207235895304647,0.000181691802638922,694.250095483985,446.340136407153,0.0275555555555556,0.972,0.966444444444444,"RF","SVM"
"village",2,499,0,499,4500,0.110888888888889,0,1,2,2,2,0,1000,0.00777777777777778,0.992222222222222,0.5,0.69610734236809,0,6.80656525545048,3,56.7285525081945,0.0240085851686009,0.341250536626357,1,0.045520110250866,0.0656716373196432,0.0812780357765567,0.117259419148034,0.12668607729887,0.000112068728552236,406.180304166195,724.251698904324,0.00777777777777778,0.993555555555556,0.977333333333333,"RF","SVM"
"path",2,499,0,499,4500,0.110888888888889,0,1,2,2,2,0,1000,0.00355555555555556,0.996444444444444,0.5,0.70207846629811,0,5.97380366747567,3,49.6607487319396,0.0212662124337765,0.376468332180566,1,0.0235998722310811,0.0340474186333938,0.0812780357765567,0.117259419148034,0.104778653766489,9.92542411483133e-05,237.77192750702,817.887282157594,0.00355555555555556,0.996222222222222,0.996222222222222,"SVM","SVM"
"wood",2,499,0,499,4500,0.110888888888889,0,1,2,2,2,0,1000,0.00533333333333333,0.994666666666667,0.5,0.699564308853891,0,6.38539093544037,3,52.7092754660682,0.0221712058948009,0.328723460122964,1,0.0332325729350416,0.0479444681693652,0.0812780357765567,0.117259419148034,0.114412421265125,9.81874464730038e-05,338.460507211364,826.784392976385,0.00533333333333333,0.997111111111111,0.991777777777778,"SVM","SVM"
"coast",2,499,0,499,4500,0.110888888888889,0,1,2,2,2,0,1000,0.0186666666666667,0.981333333333333,0.5,0.68070812802225,0,7.6680240785273,3,68.4283572337573,0.0230835498923995,0.375892120397165,1,0.0928036465316016,0.133887360627554,0.0812780357765567,0.117259419148034,0.173893011329702,0.000188670978456041,491.880877976282,429.792464435615,0.0186666666666667,0.978888888888889,0.965777777777778,"RF","SVM"
"cat",2,499,0,499,4500,0.110888888888889,0,1,2,2,2,0,1000,0.0213333333333333,0.978666666666667,0.5,0.676936891855922,0,7.70423343716964,3,70.0097030078104,0.0224314368599315,0.499611698317751,1,0.103183811118502,0.148862772600686,0.0812780357765567,0.117259419148034,0.1841483832709,0.00031346362415825,329.173158115502,258.290168021295,0.0213333333333333,0.983777777777778,0.974666666666667,"SVM","SVM"
"tiger",2,499,0,499,4500,0.110888888888889,0,1,2,2,2,0,1000,0.0202222222222222,0.979777777777778,0.5,0.678508240258558,0,7.61935296902293,3,68.7577775015802,0.0223737622386592,0.507188823841662,1,0.0989027070170376,0.142686444943974,0.0812780357765567,0.117259419148034,0.179856906801817,0.000323835991776686,305.40986650193,249.985183365922,0.0202222222222222,0.986444444444444,0.976,"RF","SVM"
"bengal",2,499,0,499,4500,0.110888888888889,0,1,2,2,2,0,1000,0.00466666666666667,0.995333333333333,0.5,0.700507117895473,0,6.07300049672622,3,50.6271165958941,0.0197977535489066,0.368073353186859,1,0.0297032085773701,0.0428526717130623,0.0812780357765567,0.117259419148034,0.110855043437734,0.000126200916192475,235.364444835475,643.036812320728,0.00466666666666667,0.996666666666667,0.993111111111111,"RF","SVM"
"fox",2,499,0,499,4500,0.110888888888889,0,1,2,2,2,0,1000,0.0157777777777778,0.984222222222222,0.5,0.684793633869105,0,7.34407034332197,3,64.070283575962,0.022367742466461,0.378052641829644,1,0.0811170596371262,0.117027179669976,0.0812780357765567,0.117259419148034,0.162189233404146,0.000205862009536655,394.036081838027,393.818043210078,0.0157777777777778,0.982,0.978444444444444,"RF","SVM"
"shadows",2,499,0,499,4500,0.110888888888889,0,1,2,2,2,0,1000,0.00711111111111111,0.992888888888889,0.5,0.697050151409672,0,6.66222518862101,3,55.4860646208117,0.0220473119590748,0.395431004290387,1,0.0422580107329775,0.0609654225222993,0.0812780357765567,0.117259419148034,0.123398787326753,0.000137259182781454,307.87019037015,591.150077900206,0.00711111111111111,0.988444444444444,0.986666666666667,"SVM","SVM"
"autumn",2,499,0,499,4500,0.110888888888889,0,1,2,2,2,0,1000,0.00333333333333333,0.996666666666667,0.5,0.702392735978637,0,5.76778896577769,3,48.4096278608235,0.0196312616463519,0.343625131215059,1,0.0223403798434845,0.0322303552117708,0.0812780357765567,0.117259419148034,0.10352549437872,9.29212413214264e-05,240.422744313179,873.698127367946,0.00333333333333333,0.996,0.995111111111111,"SVM","SVM"
"cliff",2,499,0,499,4500,0.110888888888889,0,1,2,2,2,0,1000,0.00466666666666667,0.995333333333333,0.5,0.700507117895473,0,6.2451014310728,3,51.5554293731481,0.0218108789414643,0.303864673179862,1,0.0297032085773701,0.0428526717130623,0.0812780357765567,0.117259419148034,0.110891955200589,8.92891533378751e-05,332.663122753236,909.278939133807,0.00466666666666667,0.995333333333333,0.992666666666667,"RF","SVM"
"bush",2,499,0,499,4500,0.110888888888889,0,1,2,2,2,0,1000,0.008,0.992,0.5,0.695793072687563,0,6.83822615988976,3,57.1397771979929,0.0230539578651748,0.325584585975061,1,0.0465944242221052,0.0672215447583078,0.0812780357765567,0.117259419148034,0.127760856831055,0.000111603167606584,417.500911679824,727.277140511569,0.008,0.991555555555556,0.971111111111111,"SVM","SVM"
"coyote",2,499,0,499,4500,0.110888888888889,0,1,2,2,2,0,1000,0.00822222222222222,0.991777777777778,0.5,0.695478803007035,0,6.71068922595841,3,56.0930327231012,0.0223235521783181,0.353250917136695,1,0.0476625147787963,0.0687624737076664,0.0812780357765567,0.117259419148034,0.128794849013745,0.000145701541608232,327.124299802903,556.839229972599,0.00822222222222222,0.990888888888889,0.987777777777778,"SVM","SVM"
"light",2,499,0,499,4500,0.110888888888889,0,1,2,2,2,0,1000,0.00822222222222222,0.991777777777778,0.5,0.695478803007035,0,6.69865368884213,3,56.3783947697716,0.0206381577433178,0.434930449421466,1,0.0476625147787963,0.0687624737076664,0.0812780357765567,0.117259419148034,0.128737959081105,0.000202591474248047,235.264168720347,400.19178794781,0.00822222222222222,0.984888888888889,0.989777777777778,"RF","RF"
"arctic",2,499,0,499,4500,0.110888888888889,0,1,2,2,2,0,1000,0.004,0.996,0.5,0.701449926937055,0,5.86536873581388,3,49.1745838609304,0.0186826739251978,0.400540214125841,1,0.0260778329833986,0.0376223603222798,0.0812780357765567,0.117259419148034,0.107231520394887,0.000124348365067974,209.715929671801,652.631720305506,0.004,0.995333333333333,0.993555555555556,"SVM","SVM"
"shore",2,499,0,499,4500,0.110888888888889,0,1,2,2,2,0,1000,0.0113333333333333,0.988666666666667,0.5,0.691079027479652,0,7.08024044942347,3,60.0307382962848,0.0240996974605478,0.347006871048387,1,0.0620422802639631,0.0895080900622627,0.0812780357765567,0.117259419148034,0.143185364809645,0.000134951230874474,459.738528221889,601.27709854798,0.0113333333333333,0.989333333333333,0.987111111111111,"RF","SVM"
"town",2,499,0,499,4500,0.110888888888889,0,1,2,2,2,0,1000,0.0106666666666667,0.989333333333333,0.5,0.692021836521235,0,7.08644359400125,3,60.8447419160061,0.0243064740008801,0.359698293067637,1,0.0590429788455094,0.0851810127797283,0.0812780357765567,0.117259419148034,0.140184679534473,0.000136335087592285,433.072511913289,595.163740471722,0.0106666666666667,0.989555555555556,0.988888888888889,"SVM","SVM"
"road",2,499,0,499,4500,0.110888888888889,0,1,2,2,2,0,1000,0.0104444444444444,0.989555555555556,0.5,0.692336106201762,0,7.04995053663666,3,59.6436395238102,0.0234817153111254,0.353537432432047,1,0.0580339766744284,0.0837253303512637,0.0812780357765567,0.117259419148034,0.139176745271696,0.000135267179289348,429.032208546974,599.870338271016,0.0104444444444444,0.990222222222222,0.985333333333333,"SVM","SVM"
"harbor",2,499,0,499,4500,0.110888888888889,0,1,2,2,2,0,1000,0.00666666666666667,0.993333333333333,0.5,0.697678690770727,0,6.57593975568819,3,54.5646884231637,0.0233269145951012,0.347637251154284,1,0.0400486301904337,0.0577779601701347,0.0812780357765567,0.117259419148034,0.121202279701816,0.000124386265174174,321.96987452236,652.432560763408,0.00666666666666667,0.994222222222222,0.992222222222222,"SVM","SVM"
"windmills",2,499,0,499,4500,0.110888888888889,0,1,2,2,2,0,1000,0.00311111111111111,0.996888888888889,0.5,0.702707005659165,0,5.88472594090679,3,48.9944747453086,0.0209008596407482,0.357439508181652,1,0.0210660120997037,0.0303918311875494,0.0812780357765567,0.117259419148034,0.102258340179249,8.57076970119256e-05,245.789034522448,947.316646114613,0.00311111111111111,0.998888888888889,0.996444444444444,"SVM","SVM"
"restaurant",2,499,0,499,4500,0.110888888888889,0,1,2,2,2,0,1000,0.006,0.994,0.5,0.698621499812309,0,6.35325234790523,3,52.7980190929302,0.0213414372837706,0.380866264833531,1,0.0366779387501346,0.0529150803448483,0.0812780357765567,0.117259419148034,0.117808620672909,0.000147353853782271,248.910617596263,550.584052200308,0.006,0.989777777777778,0.984,"SVM","SVM"
"wall",2,499,0,499,4500,0.110888888888889,0,1,2,2,2,0,1000,0.0217777777777778,0.978222222222222,0.5,0.676308352494867,0,7.92496427811504,3,72.2236282118091,0.0236511191312306,0.374494189342348,1,0.104879521399727,0.151309165414195,0.0812780357765567,0.117259419148034,0.18599217936398,0.000165377812304334,634.181332661025,490.468804938513,0.0217777777777778,0.979111111111111,0.970222222222222,"RF","SVM"
"skyline",2,499,0,499,4500,0.110888888888889,0,1,2,2,2,0,1000,0.0117777777777778,0.988222222222222,0.5,0.690450488118598,0,7.27858779877041,3,62.3754348910958,0.0237879131972587,0.322972455617994,1,0.0640196259318948,0.0923607968515111,0.0812780357765567,0.117259419148034,0.145166936828093,0.000130724880358884,489.727936687641,620.748786867667,0.0117777777777778,0.987111111111111,0.972888888888889,"RF","SVM"
"window",2,499,0,499,4500,0.110888888888889,0,1,2,2,2,0,1000,0.0175555555555556,0.982444444444444,0.5,0.682279476424887,0,7.68989079631277,3,68.3881840375204,0.0237195616647173,0.349065920374062,1,0.0883668583693638,0.127486428348418,0.0812780357765567,0.117259419148034,0.169491684567505,0.000153209578415416,576.771108460098,529.502313348696,0.0175555555555556,0.980888888888889,0.971333333333333,"RF","SVM"
"clothes",2,499,0,499,4500,0.110888888888889,0,1,2,2,2,0,1000,0.00288888888888889,0.997111111111111,0.5,0.703021275339692,0,5.81807132357518,3,48.5240579658147,0.0209710922139774,0.338881110181054,1,0.0197757082781358,0.0285303162629333,0.0812780357765567,0.117259419148034,0.100972330337618,8.14137170746215e-05,242.903886331709,997.333434426776,0.00288888888888889,0.998666666666667,0.995111111111111,"SVM","SVM"
"shops",2,499,0,499,4500,0.110888888888889,0,1,2,2,2,0,1000,0.0131111111111111,0.986888888888889,0.5,0.688564870035434,0,7.18907191893456,3,61.8144108662986,0.0234185174353968,0.391735444341748,1,0.0698522087489319,0.100775435157225,0.0812780357765567,0.117259419148034,0.150931865049813,0.000198379475675524,352.114090991875,408.709903203383,0.0131111111111111,0.984888888888889,0.979777777777778,"RF","SVM"
"street",2,499,0,499,4500,0.110888888888889,0,1,2,2,2,0,1000,0.0451111111111111,0.954888888888889,0.5,0.643310036039495,0,8.44396240769782,3,83.8598023663237,0.0222345513412231,0.447580257474934,1,0.18386044313027,0.265254549519687,0.0812780357765567,0.117259419148034,0.264801424020586,0.000337054886240169,545.491107342261,240.141840971983,0.0451111111111111,0.957111111111111,0.911555555555556,"RF","NB"
"tables",2,499,0,499,4500,0.110888888888889,0,1,2,2,2,0,1000,0.00377777777777778,0.996222222222222,0.5,0.701764196617582,0,6.00491832593656,3,49.8433298134185,0.0215583024594464,0.359528440041847,1,0.0248454171144576,0.0358443600598458,0.0812780357765567,0.117259419148034,0.106019299685571,0.000104153205442922,238.546831168565,779.369988911175,0.00377777777777778,0.996888888888889,0.996222222222222,"SVM","SVM"
"roofs",2,499,0,499,4500,0.110888888888889,0,1,2,2,2,0,1000,0.00755555555555556,0.992444444444444,0.5,0.696421612048618,0,6.80674296106244,3,56.7583366248459,0.0241195760488609,0.344046637074174,1,0.0444393964393441,0.0641124968631405,0.0812780357765567,0.117259419148034,0.125604617345189,0.000112814870711298,393.914349758625,719.454983142726,0.00755555555555556,0.995333333333333,0.989777777777778,"SVM","SVM"
"ruins",2,499,0,499,4500,0.110888888888889,0,1,2,2,2,0,1000,0.0237777777777778,0.976222222222222,0.5,0.673479925370121,0,7.89606501275244,3,73.1006182651203,0.0218625706558948,0.433385084805766,1,0.112398021253295,0.162156067867861,0.0812780357765567,0.117259419148034,0.193391289224375,0.000284767805476929,394.70059146978,284.418626029134,0.0237777777777778,0.973777777777778,0.964444444444444,"RF","SVM"
"stone",2,499,0,499,4500,0.110888888888889,0,1,2,2,2,0,1000,0.0471111111111111,0.952888888888889,0.5,0.640481608914748,0,8.71001929796095,3,89.0048001275538,0.021364526312808,0.499247115354429,1,0.189919586063922,0.273996044982106,0.0812780357765567,0.117259419148034,0.27077651673464,0.000421105105838419,451.002810060432,192.011280674768,0.0471111111111111,0.956222222222222,0.941111111111111,"RF","SVM"
"cars",2,499,0,499,4500,0.110888888888889,0,1,2,2,2,0,1000,0.0297777777777778,0.970222222222222,0.5,0.664994643995882,0,8.14578325327838,3,77.1649021504671,0.0231693973763074,0.52083133783911,1,0.133968851266145,0.193276197355259,0.0812780357765567,0.117259419148034,0.214912071569939,0.000334815472762053,400.127419921702,241.75471831112,0.0297777777777778,0.973111111111111,0.969111111111111,"RF","SVM"
"castle",2,499,0,499,4500,0.110888888888889,0,1,2,2,2,0,1000,0.0108888888888889,0.989111111111111,0.5,0.691707566840707,0,7.05513089173338,3,59.7756798231895,0.0237806689631915,0.350618780984009,1,0.0600473011368603,0.0866299435689146,0.0812780357765567,0.117259419148034,0.141191892876991,0.000133444036425968,449.981151238431,608.079565887142,0.0108888888888889,0.989777777777778,0.986888888888889,"SVM","SVM"
"courtyard",2,499,0,499,4500,0.110888888888889,0,1,2,2,2,0,1000,0.00822222222222222,0.991777777777778,0.5,0.695478803007035,0,6.7920815221879,3,56.8065937647853,0.0239183539476367,0.344269081199606,1,0.0476625147787963,0.0687624737076664,0.0812780357765567,0.117259419148034,0.128816712649424,0.00012383790592874,384.878235959698,655.325986514394,0.00822222222222222,0.994222222222222,0.989333333333333,"RF","SVM"
"statue",2,499,0,499,4500,0.110888888888889,0,1,2,2,2,0,1000,0.0235555555555556,0.976444444444444,0.5,0.673794195050648,0,8.03734884840484,3,74.5612685004724,0.0230413623146015,0.413373739569165,1,0.111571412333021,0.160963523277827,0.0812780357765567,0.117259419148034,0.192613830055696,0.000235618053881356,473.526584636005,343.956740103981,0.0235555555555556,0.976222222222222,0.969777777777778,"RF","SVM"
"stairs",2,499,0,499,4500,0.110888888888889,0,1,2,2,2,0,1000,0.00355555555555556,0.996444444444444,0.5,0.70207846629811,0,6.01577527514126,3,49.8716470928112,0.0219858222689239,0.35491916694359,1,0.0235998722310811,0.0340474186333938,0.0812780357765567,0.117259419148034,0.10479307328909,8.48347185473085e-05,278.186485853908,957.07515093283,0.00355555555555556,0.996666666666667,0.996444444444444,"SVM","SVM"
"costume",2,499,0,499,4500,0.110888888888889,0,1,2,2,2,0,1000,0.00377777777777778,0.996222222222222,0.5,0.701764196617582,0,6.02276728878674,3,49.9599859842123,0.0212089388103889,0.343820831693328,1,0.0248454171144576,0.0358443600598458,0.0812780357765567,0.117259419148034,0.106025847494804,9.76053962099501e-05,254.549626139675,831.720719679544,0.00377777777777778,0.996222222222222,0.996,"SVM","SVM"
"sign",2,499,0,499,4500,0.110888888888889,0,1,2,2,2,0,1000,0.00822222222222222,0.991777777777778,0.5,0.695478803007035,0,6.87454961199807,3,57.5641855319196,0.0234129581056641,0.338029296567402,1,0.0476625147787963,0.0687624737076664,0.0812780357765567,0.117259419148034,0.128812187835097,0.000128362720255744,371.311192874658,632.190350084682,0.00822222222222222,0.989555555555556,0.984222222222222,"SVM","SVM"
"palace",2,499,0,499,4500,0.110888888888889,0,1,2,2,2,0,1000,0.0124444444444444,0.987555555555556,0.5,0.689507679077016,0,7.29571010547464,3,62.7855110311079,0.0237232635868652,0.376705468158669,1,0.066954008056971,0.0965942153914318,0.0812780357765567,0.117259419148034,0.148082955917723,0.000149087915804389,449.090777718148,544.168502343258,0.0124444444444444,0.988222222222222,0.98,"RF","SVM"
"valley",2,499,0,499,4500,0.110888888888889,0,1,2,2,2,0,1000,0.0271111111111111,0.972888888888889,0.5,0.66876588016221,0,8.16343724614808,3,76.9589893733205,0.0222942355471301,0.379153179085943,1,0.124552020001968,0.179690581589542,0.0812780357765567,0.117259419148034,0.205604877269816,0.000225178508708178,553.125698880001,359.949347443674,0.0271111111111111,0.97,0.961111111111111,"RF","SVM"
"gate",2,499,0,499,4500,0.110888888888889,0,1,2,2,2,0,1000,0.00444444444444444,0.995555555555556,0.5,0.700821387576,0,6.20571614178527,3,51.2475169398749,0.0226003845221965,0.358367701851543,1,0.0285061105798476,0.0411256243685786,0.0812780357765567,0.117259419148034,0.109684513029999,9.96333264056491e-05,286.110196339198,814.771576727647,0.00444444444444444,0.997555555555556,0.994666666666667,"RF","SVM"
"temple",2,499,0,499,4500,0.110888888888889,0,1,2,2,2,0,1000,0.0208888888888889,0.979111111111111,0.5,0.677565431216976,0,7.84028965464384,3,71.1231911110624,0.0234012126647375,0.378631649668538,1,0.101478639071384,0.146402729344447,0.0812780357765567,0.117259419148034,0.182568052411184,0.000188622436757177,537.99877053875,429.903328224891,0.0208888888888889,0.979333333333333,0.973555555555556,"SVM","SVM"
"sculpture",2,499,0,499,4500,0.110888888888889,0,1,2,2,2,0,1000,0.0168888888888889,0.983111111111111,0.5,0.683222285466469,0,7.57378268195332,3,67.0172159700252,0.0224683381047677,0.386910484524313,1,0.0856706950943753,0.123596686962166,0.0812780357765567,0.117259419148034,0.166728954831227,0.000219776039704477,389.809076592576,368.82209655724,0.0168888888888889,0.975555555555556,0.974666666666667,"RF","SVM"
"museum",2,499,0,499,4500,0.110888888888889,0,1,2,2,2,0,1000,0.00511111111111111,0.994888888888889,0.5,0.699878578534418,0,6.30788901095732,3,52.1469657175445,0.0218959707954105,0.324284485487297,1,0.0320659792003735,0.0462614291736274,0.0812780357765567,0.117259419148034,0.113239772919181,0.000104242057748917,307.610765681634,778.704828662605,0.00511111111111111,0.995777777777778,0.981555555555556,"SVM","SVM"
"hotel",2,499,0,499,4500,0.110888888888889,0,1,2,2,2,0,1000,0.00377777777777778,0.996222222222222,0.5,0.701764196617582,0,6.07051356684885,3,50.2380304175321,0.0218735477798576,0.345619207485022,1,0.0248454171144576,0.0358443600598458,0.0812780357765567,0.117259419148034,0.106032208583622,9.12443073922426e-05,272.29553080667,889.773770983403,0.00377777777777778,0.998,0.996,"SVM","SVM"
"fountain",2,499,0,499,4500,0.110888888888889,0,1,2,2,2,0,1000,0.00377777777777778,0.996222222222222,0.5,0.701764196617582,0,6.02381587861364,3,49.9129162851567,0.0213226723769681,0.312823411115153,1,0.0248454171144576,0.0358443600598458,0.0812780357765567,0.117259419148034,0.106037108333233,8.6344557780673e-05,287.74734335392,940.322045831934,0.00377777777777778,0.998,0.994222222222222,"SVM","SVM"
"market",2,499,0,499,4500,0.110888888888889,0,1,2,2,2,0,1000,0.00888888888888889,0.991111111111111,0.5,0.694535993965453,0,6.78253805250753,3,56.8636792868169,0.02313662087283,0.372725080650965,1,0.0508310715523042,0.0733337348515813,0.0812780357765567,0.117259419148034,0.131949318231803,0.000159789097057775,318.113516430506,507.658208057644,0.00888888888888889,0.990222222222222,0.989555555555556,"RF","SVM"
"door",2,499,0,499,4500,0.110888888888889,0,1,2,2,2,0,1000,0.00777777777777778,0.992222222222222,0.5,0.69610734236809,0,6.80463128120796,3,56.8175400830551,0.0240981001584005,0.337704494777974,1,0.045520110250866,0.0656716373196432,0.0812780357765567,0.117259419148034,0.126682825514407,0.000115320513015887,394.726914235933,703.80119842477,0.00777777777777778,0.993777777777778,0.986888888888889,"SVM","SVM"
"garden",2,499,0,499,4500,0.110888888888889,0,1,2,2,2,0,1000,0.026,0.974,0.5,0.670337228564847,0,8.02393112348911,3,75.7779853884572,0.0222858563831699,0.573893272864416,1,0.120550159245749,0.173917116922217,0.0812780357765567,0.117259419148034,0.201349896981416,0.00047829804088988,252.039834872548,168.931776482584,0.026,0.973777777777778,0.970444444444444,"RF","SVM"
"pagoda",2,499,0,499,4500,0.110888888888889,0,1,2,2,2,0,1000,0.00266666666666667,0.997333333333333,0.5,0.703335545020219,0,5.72684541668514,3,48.0496116853049,0.0204045434491859,0.358127386865959,1,0.0184682440156507,0.0266440440553066,0.0812780357765567,0.117259419148034,0.0996664909049672,7.97888872401856e-05,231.463862380439,1017.66360827778,0.00266666666666667,0.999111111111111,0.997333333333333,"SVM","SVM"
"buddha",2,499,0,499,4500,0.110888888888889,0,1,2,2,2,0,1000,0.00577777777777778,0.994222222222222,0.5,0.698935769492836,0,6.42141745272922,3,53.1843719198806,0.0224592064799003,0.350423257667771,1,0.0355381963093908,0.0512707795776966,0.0812780357765567,0.117259419148034,0.116696257396827,0.000119974689120511,296.214114576231,676.459857344703,0.00577777777777778,0.990222222222222,0.993333333333333,"RF","SVM"
"monastery",2,499,0,499,4500,0.110888888888889,0,1,2,2,2,0,1000,0.00311111111111111,0.996888888888889,0.5,0.702707005659165,0,5.89563943808959,3,48.9988582479186,0.0206681569241784,0.318871612363259,1,0.0210660120997037,0.0303918311875494,0.0812780357765567,0.117259419148034,0.102267004521304,7.7043354956687e-05,273.43061723554,1053.96490673661,0.00311111111111111,0.998888888888889,0.994222222222222,"SVM","SVM"
"landscape",2,499,0,499,4500,0.110888888888889,0,1,2,2,2,0,1000,0.00777777777777778,0.992222222222222,0.5,0.69610734236809,0,6.79702877485068,3,56.8158802597296,0.0237859626913596,0.384494228687148,1,0.045520110250866,0.0656716373196432,0.0812780357765567,0.117259419148034,0.126660514709016,0.000137631318406054,330.739476872319,589.54898781658,0.00777777777777778,0.991111111111111,0.987777777777778,"SVM","SVM"
"writing",2,499,0,499,4500,0.110888888888889,0,1,2,2,2,0,1000,0.00288888888888889,0.997111111111111,0.5,0.703021275339692,0,5.82524469111591,3,48.5737619610782,0.0195323729954388,0.331447079546008,1,0.0197757082781358,0.0285303162629333,0.0812780357765567,0.117259419148034,0.10097349629852,8.02477561724595e-05,246.433161765122,1011.83873410595,0.00288888888888889,0.996888888888889,0.989333333333333,"SVM","SVM"
"food",2,499,0,499,4500,0.110888888888889,0,1,2,2,2,0,1000,0.00533333333333333,0.994666666666667,0.5,0.699564308853891,0,6.33259180316557,3,52.3984015572972,0.0220720042496429,0.34588925224422,1,0.0332325729350416,0.0479444681693652,0.0812780357765567,0.117259419148034,0.114390391731079,0.000120216980519558,276.438260147742,675.094470392506,0.00533333333333333,0.990666666666667,0.992888888888889,"SVM","SVM"
"fruit",2,499,0,499,4500,0.110888888888889,0,1,2,2,2,0,1000,0.00266666666666667,0.997333333333333,0.5,0.703335545020219,0,5.73961861547636,3,48.0848667294406,0.0195165884547898,0.330976122600472,1,0.0184682440156507,0.0266440440553066,0.0812780357765567,0.117259419148034,0.0996704739945634,7.58057976439721e-05,243.625746178258,1071.18759386037,0.00266666666666667,0.998888888888889,0.996444444444444,"SVM","SVM"
"night",2,499,0,499,4500,0.110888888888889,0,1,2,2,2,0,1000,0.00377777777777778,0.996222222222222,0.5,0.701764196617582,0,5.95483979746147,3,49.6146345816961,0.0187308428739484,0.338869548946265,1,0.0248454171144576,0.0358443600598458,0.0812780357765567,0.117259419148034,0.106025064516882,9.83883741325226e-05,252.523911829181,825.093900759867,0.00377777777777778,0.993777777777778,0.975333333333333,"RF","SVM"
"cow",2,499,0,499,4500,0.110888888888889,0,1,2,2,2,0,1000,0.00244444444444444,0.997555555555556,0.5,0.703649814700747,0,5.67320692568628,3,47.7023310271521,0.0198470879898702,0.334603236131387,1,0.0171421902266609,0.0247309528299789,0.0812780357765567,0.117259419148034,0.0983500797197751,7.01462834422646e-05,244.377740137439,1157.69340167472,0.00244444444444444,0.999111111111111,0.997333333333333,"SVM","SVM"
"figures",2,499,0,499,4500,0.110888888888889,0,1,2,2,2,0,1000,0.00355555555555556,0.996444444444444,0.5,0.70207846629811,0,6.00053821942544,3,49.7276625223893,0.0207796295117437,0.334198968837741,1,0.0235998722310811,0.0340474186333938,0.0812780357765567,0.117259419148034,0.104791605601934,8.63024057035345e-05,273.455554786633,940.781809139395,0.00355555555555556,0.993777777777778,0.994,"SVM","SVM"
"facade",2,499,0,499,4500,0.110888888888889,0,1,2,2,2,0,1000,0.00311111111111111,0.996888888888889,0.5,0.702707005659165,0,5.79044554554886,3,48.4702674208307,0.0198932826408845,0.32956327122541,1,0.0210660120997037,0.0303918311875494,0.0812780357765567,0.117259419148034,0.102258709547995,8.53383282656359e-05,246.852879917342,951.421232386454,0.00311111111111111,0.996222222222222,0.996444444444444,"SVM","SVM"
"guard",2,499,0,499,4500,0.110888888888889,0,1,2,2,2,0,1000,0.00244444444444444,0.997555555555556,0.5,0.703649814700747,0,5.62923050593132,3,47.5025319716428,0.020155320270053,0.361844624507781,1,0.0171421902266609,0.0247309528299789,0.0812780357765567,0.117259419148034,0.0983433065937946,7.69194094228168e-05,222.859098312005,1055.66484423692,0.00244444444444444,0.999111111111111,0.997555555555556,"SVM","SVM"
"church",2,499,0,499,4500,0.110888888888889,0,1,2,2,2,0,1000,0.00933333333333333,0.990666666666667,0.5,0.693907454604399,0,6.87617960911874,3,57.9409003083906,0.0228027186312297,0.381292884042747,1,0.0529151635054479,0.0763404439771383,0.0812780357765567,0.117259419148034,0.134029252408252,0.000163946873752613,322.757990404221,494.758375357623,0.00933333333333333,0.987111111111111,0.988,"RF","SVM"
"park",2,499,0,499,4500,0.110888888888889,0,1,2,2,2,0,1000,0.0122222222222222,0.987777777777778,0.5,0.689821948757543,0,7.29617066296621,3,62.9325819281729,0.0230144974637055,0.381080760313315,1,0.0659799962435965,0.0951890133785091,0.0812780357765567,0.117259419148034,0.14707806843343,0.000179963586722728,366.629702403368,450.636007353991,0.0122222222222222,0.980444444444444,0.974666666666667,"RF","SVM"
"arch",2,499,0,499,4500,0.110888888888889,0,1,2,2,2,0,1000,0.0126666666666667,0.987333333333333,0.5,0.689193409396488,0,7.27121304417799,3,62.4835954507409,0.0246918076945409,0.376621036361874,1,0.0679240014004545,0.0979936199777707,0.0812780357765567,0.117259419148034,0.149044656145809,0.000157381031202458,431.589505301156,515.44111844711,0.0126666666666667,0.989555555555556,0.986,"RF","SVM"
"hats",2,499,0,499,4500,0.110888888888889,0,1,2,2,2,0,1000,0.00466666666666667,0.995333333333333,0.5,0.700507117895473,0,6.24954395290033,3,51.6724053959161,0.0220558784454216,0.360052811959378,1,0.0297032085773701,0.0428526717130623,0.0812780357765567,0.117259419148034,0.110878531963294,0.000102712390632445,289.18817286283,790.316756197497,0.00466666666666667,0.995333333333333,0.995111111111111,"SVM","SVM"
"ceremony",2,499,0,499,4500,0.110888888888889,0,1,2,2,2,0,1000,0.00288888888888889,0.997111111111111,0.5,0.703021275339692,0,5.73514048404732,3,48.2097176210251,0.0197504354250452,0.350230114910212,1,0.0197757082781358,0.0285303162629333,0.0812780357765567,0.117259419148034,0.100959660005003,9.40840496889773e-05,210.191933101416,862.887513826683,0.00288888888888889,0.996666666666667,0.996666666666667,"RF","SVM"
"shrine",2,499,0,499,4500,0.110888888888889,0,1,2,2,2,0,1000,0.00444444444444444,0.995555555555556,0.5,0.700821387576,0,6.19053600719926,3,51.2261901347577,0.0223584572895614,0.346320445761988,1,0.0285061105798476,0.0411256243685786,0.0812780357765567,0.117259419148034,0.109678299954261,0.000105846402143419,269.31581992955,766.886618067826,0.00444444444444444,0.995555555555556,0.995111111111111,"SVM","SVM"
"pillar",2,499,0,499,4500,0.110888888888889,0,1,2,2,2,0,1000,0.0108888888888889,0.989111111111111,0.5,0.691707566840707,0,6.99071053028507,3,60.1452597127863,0.0196271989200558,0.561344190726211,1,0.0600473011368603,0.0866299435689146,0.0812780357765567,0.117259419148034,0.141011126895986,0.00031421001743075,191.10562300928,257.674234644572,0.0108888888888889,0.986666666666667,0.988222222222222,"RF","SVM"
"cottage",2,499,0,499,4500,0.110888888888889,0,1,2,2,2,0,1000,0.00288888888888889,0.997111111111111,0.5,0.703021275339692,0,5.80716640977917,3,48.5840454915579,0.0212085349423676,0.410855435111855,1,0.0197757082781358,0.0285303162629333,0.0812780357765567,0.117259419148034,0.100956477996444,9.72660582483598e-05,203.315613218749,834.625882659096,0.00288888888888889,0.998,0.996888888888889,"SVM","SVM"
"poppies",2,499,0,499,4500,0.110888888888889,0,1,2,2,2,0,1000,0.00266666666666667,0.997333333333333,0.5,0.703335545020219,0,5.75614047852578,3,48.3625595278143,0.0193629288817069,0.42439243449114,1,0.0184682440156507,0.0266440440553066,0.0812780357765567,0.117259419148034,0.0996577486964224,8.85310957850989e-05,208.607426033455,917.073305834277,0.00266666666666667,0.997555555555556,0.996222222222222,"SVM","SVM"
"lawn",2,499,0,499,4500,0.110888888888889,0,1,2,2,2,0,1000,0.00355555555555556,0.996444444444444,0.5,0.70207846629811,0,5.83790846240562,3,49.0241453327827,0.0200785427275176,0.457519364401193,1,0.0235998722310811,0.0340474186333938,0.0812780357765567,0.117259419148034,0.104746342097637,0.000131565910000157,179.376802327084,616.774283448196,0.00355555555555556,0.994,0.996222222222222,"SVM","SVM"
"tower",2,499,0,499,4500,0.110888888888889,0,1,2,2,2,0,1000,0.00888888888888889,0.991111111111111,0.5,0.694535993965453,0,6.92730609067952,3,58.1622009206025,0.0231612051751762,0.32773942146706,1,0.0508310715523042,0.0733337348515813,0.0812780357765567,0.117259419148034,0.131991846964091,0.000117260364770095,433.488942763955,692.141590817268,0.00888888888888889,0.991777777777778,0.979333333333333,"SVM","SVM"
"tulip",2,499,0,499,4500,0.110888888888889,0,1,2,2,2,0,1000,0.00622222222222222,0.993777777777778,0.5,0.698307230131782,0,6.49163774146456,3,54.0113572086722,0.0211165751535649,0.421593496630746,1,0.0378093991746944,0.0545474326883229,0.0812780357765567,0.117259419148034,0.118946738052631,0.00014069689862023,268.729442834058,576.68178668915,0.00622222222222222,0.990666666666667,0.988444444444444,"SVM","NB"
"horses",2,499,0,499,4500,0.110888888888889,0,1,2,2,2,0,1000,0.0228888888888889,0.977111111111111,0.5,0.67473700409223,0,7.92542207677792,3,74.0478882694198,0.0210129639925664,0.651215317881885,1,0.109078623119371,0.157367188641313,0.0812780357765567,0.117259419148034,0.189866059544398,0.000490599351530405,222.337479206006,164.670899325515,0.0228888888888889,0.983555555555556,0.983555555555556,"RF","SVM"
"petals",2,499,0,499,4500,0.110888888888889,0,1,2,2,2,0,1000,0.0131111111111111,0.986888888888889,0.5,0.688564870035434,0,7.36208070739066,3,69.3297299121281,0.0218282851502524,0.598063619127038,1,0.0698522087489319,0.100775435157225,0.0812780357765567,0.117259419148034,0.150850457414725,0.000279787110763302,249.661996788789,289.499571459235,0.0131111111111111,0.992666666666667,0.981777777777778,"SVM","SVM"
"umbrella",2,499,0,499,4500,0.110888888888889,0,1,2,2,2,0,1000,0.00333333333333333,0.996666666666667,0.5,0.702392735978637,0,5.95275920089027,3,49.4444728660851,0.0217294015201533,0.343224348608218,1,0.0223403798434845,0.0322303552117708,0.0812780357765567,0.117259419148034,0.103530290821661,8.81247983806071e-05,253.508436376755,921.306062199661,0.00333333333333333,0.996666666666667,0.996666666666667,"SVM","SVM"
"elephant",2,499,0,499,4500,0.110888888888889,0,1,2,2,2,0,1000,0.00288888888888889,0.997111111111111,0.5,0.703021275339692,0,5.80360342277672,3,48.4601747289373,0.020178722605259,0.33666660162005,1,0.0197757082781358,0.0285303162629333,0.0812780357765567,0.117259419148034,0.1009727423759,8.10016787924335e-05,244.139486649542,1002.41174390757,0.00288888888888889,0.998888888888889,0.996,"SVM","SVM"
"monks",2,499,0,499,4500,0.110888888888889,0,1,2,2,2,0,1000,0.00288888888888889,0.997111111111111,0.5,0.703021275339692,0,5.83465170350192,3,48.6726731531677,0.0201916827721707,0.353962038632928,1,0.0197757082781358,0.0285303162629333,0.0812780357765567,0.117259419148034,0.100971514412783,8.22296419093245e-05,240.493668936838,987.427456198616,0.00288888888888889,0.996666666666667,0.983333333333333,"SVM","SVM"
"athlete",2,499,0,499,4500,0.110888888888889,0,1,2,2,2,0,1000,0.00244444444444444,0.997555555555556,0.5,0.703649814700747,0,5.61793348952547,3,47.5329748133661,0.0192709371184647,0.394341752847948,1,0.0171421902266609,0.0247309528299789,0.0812780357765567,0.117259419148034,0.0983325631343916,8.76628688258246e-05,195.546762914185,926.166049494071,0.00244444444444444,0.996666666666667,0.929777777777778,"SVM","RF"
"steps",2,499,0,499,4500,0.110888888888889,0,1,2,2,2,0,1000,0.00244444444444444,0.997555555555556,0.5,0.703649814700747,0,5.66509669140447,3,47.666416702324,0.0198915475224714,0.35396265798927,1,0.0171421902266609,0.0247309528299789,0.0812780357765567,0.117259419148034,0.0983445466989784,7.5679304239061e-05,226.510938479441,1072.97969093122,0.00244444444444444,0.999555555555556,0.996888888888889,"SVM","SVM"
"frost",2,499,0,499,4500,0.110888888888889,0,1,2,2,2,0,1000,0.0164444444444444,0.983555555555556,0.5,0.683850824827523,0,7.50799192204597,3,66.2392321699148,0.0223185912629304,0.391254680342296,1,0.0838584430647735,0.120982159946218,0.0812780357765567,0.117259419148034,0.164922605023173,0.000213873818156654,392.093075195162,379.027983214962,0.0164444444444444,0.980888888888889,0.935555555555556,"RF","SVM"
"frozen",2,499,0,499,4500,0.110888888888889,0,1,2,2,2,0,1000,0.00444444444444444,0.995555555555556,0.5,0.700821387576,0,6.13053622719132,3,50.7522521600598,0.020950441064547,0.322742963592639,1,0.0285061105798476,0.0411256243685786,0.0812780357765567,0.117259419148034,0.109684803883963,9.93424724414306e-05,286.947867103408,817.159985141057,0.00444444444444444,0.996444444444444,0.984888888888889,"SVM","SVM"
"crystals",2,499,0,499,4500,0.110888888888889,0,1,2,2,2,0,1000,0.00333333333333333,0.996666666666667,0.5,0.702392735978637,0,5.96007815028104,3,49.4542302529831,0.0206136568173654,0.303319789691281,1,0.0223403798434845,0.0322303552117708,0.0812780357765567,0.117259419148034,0.103539150835759,7.92647842816703e-05,281.844958589645,1024.39906609387,0.00333333333333333,0.997111111111111,0.966,"SVM","SVM"
"pots",2,499,0,499,4500,0.110888888888889,0,1,2,2,2,0,1000,0.00266666666666667,0.997333333333333,0.5,0.703335545020219,0,5.73635210459231,3,48.0890456473993,0.0197238092123231,0.358314421366022,1,0.0184682440156507,0.0266440440553066,0.0812780357765567,0.117259419148034,0.0996690483981689,7.72313940383446e-05,239.128715020752,1051.39633168091,0.00266666666666667,0.996888888888889,0.997111111111111,"SVM","SVM"
"bulls",2,499,0,499,4500,0.110888888888889,0,1,2,2,2,0,1000,0.004,0.996,0.5,0.701449926937055,0,6.10558702550988,3,50.4535329441063,0.0209529760370242,0.320144093377826,1,0.0260778329833986,0.0376223603222798,0.0812780357765567,0.117259419148034,0.107270875523882,8.4993236072991e-05,306.822450683056,955.288282831781,0.004,0.995777777777778,0.993333333333333,"SVM","SVM"
"giant",2,499,0,499,4500,0.110888888888889,0,1,2,2,2,0,1000,0.00355555555555556,0.996444444444444,0.5,0.70207846629811,0,5.8204617140676,3,48.7909478272903,0.0205313401787474,0.373168289698177,1,0.0235998722310811,0.0340474186333938,0.0812780357765567,0.117259419148034,0.104767113057127,0.000110794950510172,213.004944019667,732.589711465185,0.00355555555555556,0.995777777777778,0.996444444444444,"SVM","SVM"
"tortoise",2,499,0,499,4500,0.110888888888889,0,1,2,2,2,0,1000,0.00377777777777778,0.996222222222222,0.5,0.701764196617582,0,5.89806245751467,3,49.2638804773426,0.0206435508641664,0.366738325107982,1,0.0248454171144576,0.0358443600598458,0.0812780357765567,0.117259419148034,0.106013105282278,0.000110347608736242,225.155917731252,735.563634748366,0.00377777777777778,0.995555555555556,0.995555555555556,"SVM","NB"
"albatross",2,499,0,499,4500,0.110888888888889,0,1,2,2,2,0,1000,0.00266666666666667,0.997333333333333,0.5,0.703335545020219,0,5.60863825546588,3,47.6097492603837,0.0176304118434076,0.346560379985313,1,0.0184682440156507,0.0266440440553066,0.0812780357765567,0.117259419148034,0.0996619431548916,8.43366373158455e-05,218.98245653886,962.73341839758,0.00266666666666667,0.994444444444444,0.994222222222222,"SVM","SVM"
"booby",2,499,0,499,4500,0.110888888888889,0,1,2,2,2,0,1000,0.00333333333333333,0.996666666666667,0.5,0.702392735978637,0,5.81835020330343,3,48.6973118095689,0.0188636927638384,0.331969834625343,1,0.0223403798434845,0.0322303552117708,0.0812780357765567,0.117259419148034,0.103527378288259,9.10373317823366e-05,245.398007675561,891.798967031309,0.00333333333333333,0.995333333333333,0.994,"RF","SVM"
"nest",2,499,0,499,4500,0.110888888888889,0,1,2,2,2,0,1000,0.0157777777777778,0.984222222222222,0.5,0.684793633869105,0,7.47343338505971,3,65.7306440548078,0.0216524728835981,0.506123633881028,1,0.0811170596371262,0.117027179669976,0.0812780357765567,0.117259419148034,0.16212287408363,0.000272221330052985,297.982011994937,297.573354853336,0.0157777777777778,0.982,0.981333333333333,"SVM","SVM"
"iguana",2,499,0,499,4500,0.110888888888889,0,1,2,2,2,0,1000,0.00288888888888889,0.997111111111111,0.5,0.703021275339692,0,5.73188476867995,3,48.1661176811041,0.0192354835700837,0.336031537218329,1,0.0197757082781358,0.0285303162629333,0.0812780357765567,0.117259419148034,0.100965369515192,8.83745395008569e-05,223.771556715654,918.699680876625,0.00288888888888889,0.997777777777778,0.997111111111111,"RF","SVM"
"lizard",2,499,0,499,4500,0.110888888888889,0,1,2,2,2,0,1000,0.00466666666666667,0.995333333333333,0.5,0.700507117895473,0,6.26486615223264,3,51.7071651532908,0.0212861460384427,0.321267180427688,1,0.0297032085773701,0.0428526717130623,0.0812780357765567,0.117259419148034,0.110887585382041,9.36589718853481e-05,317.142159255506,866.808327813513,0.00466666666666667,0.995555555555556,0.99,"SVM","SVM"
"marine",2,499,0,499,4500,0.110888888888889,0,1,2,2,2,0,1000,0.00288888888888889,0.997111111111111,0.5,0.703021275339692,0,5.73188476867995,3,48.1661176811041,0.0192354835700837,0.336031537218329,1,0.0197757082781358,0.0285303162629333,0.0812780357765567,0.117259419148034,0.100965369515192,8.83745395008569e-05,223.771556715654,918.699680876625,0.00288888888888889,0.997777777777778,0.997111111111111,"RF","SVM"
"deer",2,499,0,499,4500,0.110888888888889,0,1,2,2,2,0,1000,0.0104444444444444,0.989555555555556,0.5,0.692336106201762,0,7.02555949868904,3,59.6286470198883,0.0225051566821328,0.387632815860664,1,0.0580339766744284,0.0837253303512637,0.0812780357765567,0.117259419148034,0.139136255549313,0.000175756901672507,330.194581960513,461.445770283345,0.0104444444444444,0.983555555555556,0.981333333333333,"RF","SVM"
"white-tailed",2,499,0,499,4500,0.110888888888889,0,1,2,2,2,0,1000,0.00577777777777778,0.994222222222222,0.5,0.698935769492836,0,6.29511778975336,3,52.3200835789216,0.020813934845399,0.401680794729861,1,0.0355381963093908,0.0512707795776966,0.0812780357765567,0.117259419148034,0.11666438001043,0.000151852075517327,234.031679766772,534.244813083128,0.00577777777777778,0.990222222222222,0.990666666666667,"SVM","SVM"
"horns",2,499,0,499,4500,0.110888888888889,0,1,2,2,2,0,1000,0.00244444444444444,0.997555555555556,0.5,0.703649814700747,0,5.6463758523503,3,47.6187339970783,0.0200738089067562,0.336814706858812,1,0.0171421902266609,0.0247309528299789,0.0812780357765567,0.117259419148034,0.098344524447231,7.57015559864787e-05,226.444357758283,1072.66400488616,0.00244444444444444,0.997777777777778,0.997555555555556,"SVM","SVM"
"mule",2,499,0,499,4500,0.110888888888889,0,1,2,2,2,0,1000,0.00311111111111111,0.996888888888889,0.5,0.702707005659165,0,5.82284243173593,3,48.6546481450934,0.0203427874273335,0.341889290253088,1,0.0210660120997037,0.0303918311875494,0.0812780357765567,0.117259419148034,0.102256199415911,8.78484603489033e-05,239.799445727755,924.207288252393,0.00311111111111111,0.998,0.996888888888889,"RF","SVM"
"antlers",2,499,0,499,4500,0.110888888888889,0,1,2,2,2,0,1000,0.00622222222222222,0.993777777777778,0.5,0.698307230131782,0,6.46251159293522,3,53.5753810741479,0.0221719722338082,0.371159733039596,1,0.0378093991746944,0.0545474326883229,0.0812780357765567,0.117259419148034,0.11895946499397,0.000127969957280728,295.455276989363,634.133725943637,0.00622222222222222,0.995777777777778,0.992444444444444,"SVM","SVM"
"elk",2,499,0,499,4500,0.110888888888889,0,1,2,2,2,0,1000,0.00711111111111111,0.992888888888889,0.5,0.697050151409672,0,6.67305119324327,3,55.4290596867056,0.0228782861356436,0.332623646437544,1,0.0422580107329775,0.0609654225222993,0.0812780357765567,0.117259419148034,0.12341960717885,0.000116439330684102,362.918701822692,697.029053405182,0.00711111111111111,0.994888888888889,0.991111111111111,"RF","SVM"
"caribou",2,499,0,499,4500,0.110888888888889,0,1,2,2,2,0,1000,0.004,0.996,0.5,0.701449926937055,0,5.9952398608092,3,49.8665928694776,0.019371794018732,0.355373461819847,1,0.0260778329833986,0.0376223603222798,0.0812780357765567,0.117259419148034,0.107248881705399,0.000106987054555723,243.747555175624,758.699723616785,0.004,0.994444444444444,0.994222222222222,"SVM","SVM"
"herd",2,499,0,499,4500,0.110888888888889,0,1,2,2,2,0,1000,0.00555555555555556,0.994444444444444,0.5,0.699250039173364,0,6.34315709298383,3,52.5608257431969,0.0216140702738296,0.382748204856528,1,0.0343898550819048,0.0496140733835542,0.0812780357765567,0.117259419148034,0.115537752749249,0.000130138109212351,264.256606231996,623.552149009113,0.00555555555555556,0.993555555555556,0.994,"SVM","SVM"
"moose",2,499,0,499,4500,0.110888888888889,0,1,2,2,2,0,1000,0.004,0.996,0.5,0.701449926937055,0,6.12252527666594,3,50.6335108304983,0.0219380385180281,0.349048265654955,1,0.0260778329833986,0.0376223603222798,0.0812780357765567,0.117259419148034,0.107259487911407,9.63808485478157e-05,270.570692998839,842.300686818852,0.004,0.995111111111111,0.995111111111111,"SVM","SVM"
"mare",2,499,0,499,4500,0.110888888888889,0,1,2,2,2,0,1000,0.0153333333333333,0.984666666666667,0.5,0.68542217323016,0,7.23241335758699,3,63.780260092844,0.0200940977918526,0.647504800683976,1,0.0792736402468215,0.114367687657305,0.0812780357765567,0.117259419148034,0.160135158638503,0.000416517384875675,190.32492550217,194.137198897033,0.0153333333333333,0.987777777777778,0.987555555555556,"RF","SVM"
"foals",2,499,0,499,4500,0.110888888888889,0,1,2,2,2,0,1000,0.0171111111111111,0.982888888888889,0.5,0.682908015785941,0,7.26453198170043,3,64.4576322102512,0.0199675290437243,0.66197350478044,1,0.0865723401818901,0.124897485858565,0.0812780357765567,0.117259419148034,0.167390857837281,0.000459518121165702,188.398098343269,175.876671523576,0.0171111111111111,0.987777777777778,0.986222222222222,"RF","SVM"
"stems",2,499,0,499,4500,0.110888888888889,0,1,2,2,2,0,1000,0.00644444444444444,0.993555555555556,0.5,0.697992960451254,0,6.53124932785247,3,54.7723728223783,0.0208989483457187,0.401688626977082,1,0.03893287171136,0.0561682609455452,0.0812780357765567,0.117259419148034,0.120054301787117,0.000156605700799302,248.60443465755,517.997937889366,0.00644444444444444,0.989555555555556,0.991555555555556,"RF","SVM"
"giraffe",2,499,0,499,4500,0.110888888888889,0,1,2,2,2,0,1000,0.00355555555555556,0.996444444444444,0.5,0.70207846629811,0,5.91240699439462,3,49.2756337377774,0.0193202076362836,0.33995168079021,1,0.0235998722310811,0.0340474186333938,0.0812780357765567,0.117259419148034,0.104780923480134,9.69845275036141e-05,243.336466532784,837.051572437964,0.00355555555555556,0.995777777777778,0.991777777777778,"SVM","SVM"
"zebra",2,499,0,499,4500,0.110888888888889,0,1,2,2,2,0,1000,0.00822222222222222,0.991777777777778,0.5,0.695478803007035,0,6.55646755129681,3,54.8238515378376,0.0212744354089578,0.420559079770889,1,0.0476625147787963,0.0687624737076664,0.0812780357765567,0.117259419148034,0.128750503361862,0.00019004719349096,250.793047259935,426.672907363522,0.00822222222222222,0.989111111111111,0.990888888888889,"SVM","RF"
"tusks",2,499,0,499,4500,0.110888888888889,0,1,2,2,2,0,1000,0.00311111111111111,0.996888888888889,0.5,0.702707005659165,0,5.72269127657113,3,48.2641059649338,0.0179397393522388,0.391179852137166,1,0.0210660120997037,0.0303918311875494,0.0812780357765567,0.117259419148034,0.102242571126532,0.000101476749728252,207.594470222165,799.952296897701,0.00311111111111111,0.993555555555556,0.992666666666667,"RF","SVM"
"train",2,499,0,499,4500,0.110888888888889,0,1,2,2,2,0,1000,0.0208888888888889,0.979111111111111,0.5,0.677565431216976,0,7.5973484987372,3,67.821936906585,0.0237486939278308,0.472414971408303,1,0.101478639071384,0.146402729344447,0.0812780357765567,0.117259419148034,0.182481194076419,0.000275480771522097,368.36922777111,294.04068587973,0.0208888888888889,0.979333333333333,0.978222222222222,"RF","SVM"
"desert",2,499,0,499,4500,0.110888888888889,0,1,2,2,2,0,1000,0.0122222222222222,0.987777777777778,0.5,0.689821948757543,0,7.24002689012293,3,62.0840771458259,0.0227090848070252,0.35487618567953,1,0.0659799962435965,0.0951890133785091,0.0812780357765567,0.117259419148034,0.147092429002693,0.000165603017460465,398.42266919652,489.800451724622,0.0122222222222222,0.984888888888889,0.976,"SVM","SVM"
"dunes",2,499,0,499,4500,0.110888888888889,0,1,2,2,2,0,1000,0.00622222222222222,0.993777777777778,0.5,0.698307230131782,0,6.46289497166792,3,53.5949896487649,0.0206836417572031,0.384806468230136,1,0.0378093991746944,0.0545474326883229,0.0812780357765567,0.117259419148034,0.118957064765342,0.000130370185909215,290.015688103901,622.440361074241,0.00622222222222222,0.989555555555556,0.987333333333333,"RF","SVM"
"canyon",2,499,0,499,4500,0.110888888888889,0,1,2,2,2,0,1000,0.004,0.996,0.5,0.701449926937055,0,5.98340414776717,3,49.7942425775772,0.01973654194792,0.340238438704922,1,0.0260778329833986,0.0376223603222798,0.0812780357765567,0.117259419148034,0.107254982642993,0.000100886116962463,258.487825367502,804.641432376646,0.004,0.995333333333333,0.991555555555556,"RF","SVM"
"seals",2,499,0,499,4500,0.110888888888889,0,1,2,2,2,0,1000,0.00333333333333333,0.996666666666667,0.5,0.702392735978637,0,5.86283708507385,3,48.9097430051937,0.0194945089339967,0.338471725413359,1,0.0223403798434845,0.0322303552117708,0.0812780357765567,0.117259419148034,0.10353231747228,8.60981477607993e-05,259.475731180086,943.016078050437,0.00333333333333333,0.996666666666667,0.994666666666667,"SVM","SVM"
"swimmers",2,499,0,499,4500,0.110888888888889,0,1,2,2,2,0,1000,0.0188888888888889,0.981111111111111,0.5,0.680393858341722,0,7.70759433728704,3,69.821112044493,0.0231753325253014,0.578618724581567,1,0.0936827866773626,0.13515569175609,0.0812780357765567,0.117259419148034,0.174609042725486,0.000351779728433265,266.310930122669,230.048094040404,0.0188888888888889,0.984,0.920666666666667,"SVM","SVM"
"pyramid",2,499,0,499,4500,0.110888888888889,0,1,2,2,2,0,1000,0.00777777777777778,0.992222222222222,0.5,0.69610734236809,0,6.50206836415949,3,54.2944675628265,0.0206152307330026,0.388965564597208,1,0.045520110250866,0.0656716373196432,0.0812780357765567,0.117259419148034,0.126634170089443,0.000163975937980116,277.602377590216,494.670503719958,0.00777777777777778,0.991333333333333,0.987777777777778,"RF","SVM"
"sphinx",2,499,0,499,4500,0.110888888888889,0,1,2,2,2,0,1000,0.00311111111111111,0.996888888888889,0.5,0.702707005659165,0,5.52585069574446,3,47.4310528455876,0.0177832207129421,0.473667227072244,1,0.0210660120997037,0.0303918311875494,0.0812780357765567,0.117259419148034,0.102212667442984,0.000131380433276335,160.34360349075,617.646428160294,0.00311111111111111,0.996,0.996444444444444,"RF","SVM"
"fly",2,499,0,499,4500,0.110888888888889,0,1,2,2,2,0,1000,0.00244444444444444,0.997555555555556,0.5,0.703649814700747,0,5.65007411296291,3,47.6519080175689,0.0187678498411888,0.355307160289286,1,0.0171421902266609,0.0247309528299789,0.0812780357765567,0.117259419148034,0.0983434066700388,7.68193331785295e-05,223.149427590345,1057.04141240936,0.00244444444444444,0.994222222222222,0.996222222222222,"SVM","SVM"
"baby",2,499,0,499,4500,0.110888888888889,0,1,2,2,2,0,1000,0.004,0.996,0.5,0.701449926937055,0,6.04997331717003,3,50.1923154961528,0.0203845366657142,0.309242976556682,1,0.0260778329833986,0.0376223603222798,0.0812780357765567,0.117259419148034,0.107263261554745,9.26072052099813e-05,281.596155766376,876.664276686286,0.004,0.995777777777778,0.991555555555556,"RF","SVM"
"rodent",2,499,0,499,4500,0.110888888888889,0,1,2,2,2,0,1000,0.00666666666666667,0.993333333333333,0.5,0.697678690770727,0,6.53896187135875,3,54.309155765711,0.0220479064250967,0.364807014333965,1,0.0400486301904337,0.0577779601701347,0.0812780357765567,0.117259419148034,0.121193907087311,0.000132758879679631,301.664418132163,611.222971244515,0.00666666666666667,0.992666666666667,0.990666666666667,"RF","SVM"
"tracks",2,499,0,499,4500,0.110888888888889,0,1,2,2,2,0,1000,0.0228888888888889,0.977111111111111,0.5,0.67473700409223,0,7.73963966762755,3,70.4274448452913,0.0234117140753347,0.51677133527818,1,0.109078623119371,0.157367188641313,0.0812780357765567,0.117259419148034,0.190029233274634,0.000327425621293536,333.140157720225,247.233584945056,0.0228888888888889,0.980444444444444,0.975555555555556,"SVM","SVM"
"locomotive",2,499,0,499,4500,0.110888888888889,0,1,2,2,2,0,1000,0.0117777777777778,0.988222222222222,0.5,0.690450488118598,0,7.15790593969367,3,61.2975614082561,0.0240578245520344,0.433229856971293,1,0.0640196259318948,0.0923607968515111,0.0812780357765567,0.117259419148034,0.145099619763444,0.000198041945006864,323.262962953004,409.408187890397,0.0117777777777778,0.987333333333333,0.988,"RF","SVM"
"railroad",2,499,0,499,4500,0.110888888888889,0,1,2,2,2,0,1000,0.014,0.986,0.5,0.687307791313324,0,7.25174390534778,3,62.6671618005557,0.0240053520582719,0.443782990320761,1,0.0736633107293265,0.106273693084662,0.0812780357765567,0.117259419148034,0.154720396329086,0.000220950176796478,333.393309737785,366.856848792765,0.014,0.983555555555556,0.985777777777778,"RF","SVM"
"man",2,499,0,499,4500,0.110888888888889,0,1,2,2,2,0,1000,0.00622222222222222,0.993777777777778,0.5,0.698307230131782,0,6.43715353246177,3,53.4079198578928,0.0222180622569739,0.349600112565461,1,0.0378093991746944,0.0545474326883229,0.0812780357765567,0.117259419148034,0.118966583441685,0.000120851509565906,312.858311083612,671.544646471561,0.00622222222222222,0.993555555555556,0.993777777777778,"RF","SVM"
"woman",2,499,0,499,4500,0.110888888888889,0,1,2,2,2,0,1000,0.00622222222222222,0.993777777777778,0.5,0.698307230131782,0,6.47088373996011,3,53.7316556306157,0.0225602584874368,0.3660463294764,1,0.0378093991746944,0.0545474326883229,0.0812780357765567,0.117259419148034,0.118958127420081,0.000129307531170424,292.399049246889,627.563820226639,0.00622222222222222,0.990888888888889,0.992888888888889,"SVM","SVM"
"prayer",2,499,0,499,4500,0.110888888888889,0,1,2,2,2,0,1000,0.00244444444444444,0.997555555555556,0.5,0.703649814700747,0,5.62918059288026,3,47.5185896537471,0.0198674553525845,0.338431946994031,1,0.0171421902266609,0.0247309528299789,0.0812780357765567,0.117259419148034,0.0983438981415501,7.63278616673709e-05,224.586276258659,1063.85409129838,0.00244444444444444,0.998666666666667,0.996888888888889,"SVM","SVM"
"girl",2,499,0,499,4500,0.110888888888889,0,1,2,2,2,0,1000,0.00266666666666667,0.997333333333333,0.5,0.703335545020219,0,5.66085378644304,3,47.7408417125515,0.0200777315815911,0.346953113296444,1,0.0184682440156507,0.0266440440553066,0.0812780357765567,0.117259419148034,0.0996593822470209,8.68975451865531e-05,212.528949764954,934.331781836503,0.00266666666666667,0.997111111111111,0.997333333333333,"SVM","SVM"
"indian",2,499,0,499,4500,0.110888888888889,0,1,2,2,2,0,1000,0.00488888888888889,0.995111111111111,0.5,0.700192848214946,0,6.12456555334345,3,50.9475584207932,0.0212286078853278,0.40223013440102,1,0.0308896709471806,0.0445643750901894,0.0812780357765567,0.117259419148034,0.112031864464913,0.000135842258823905,227.393678628559,597.326592035834,0.00488888888888889,0.992,0.994666666666667,"RF","SVM"
"buddhist",2,499,0,499,4500,0.110888888888889,0,1,2,2,2,0,1000,0.004,0.996,0.5,0.701449926937055,0,6.10458291425417,3,50.5007547933811,0.0211537764030544,0.33833650580427,1,0.0260778329833986,0.0376223603222798,0.0812780357765567,0.117259419148034,0.107262257038957,9.36117209983561e-05,278.574442444622,867.24635750457,0.004,0.997777777777778,0.993111111111111,"SVM","SVM"
"formula",2,499,0,499,4500,0.110888888888889,0,1,2,2,2,0,1000,0.006,0.994,0.5,0.698621499812309,0,6.25465542568137,3,52.232188947515,0.0209993307649597,0.482214214024491,1,0.0366779387501346,0.0529150803448483,0.0812780357765567,0.117259419148034,0.117780152707477,0.000175821819214072,208.608572667977,461.275024453004,0.006,0.994,0.994,"SVM","SVM"
"turn",2,499,0,499,4500,0.110888888888889,0,1,2,2,2,0,1000,0.00622222222222222,0.993777777777778,0.5,0.698307230131782,0,6.44507212029024,3,53.4993303843271,0.0233190608252981,0.412085370998147,1,0.0378093991746944,0.0545474326883229,0.0812780357765567,0.117259419148034,0.118942977230372,0.00014445772087914,261.733322003104,561.64237925059,0.00622222222222222,0.996666666666667,0.993777777777778,"SVM","RF"
"straightaway",2,499,0,499,4500,0.110888888888889,0,1,2,2,2,0,1000,0.004,0.996,0.5,0.701449926937055,0,6.0410408496109,3,50.1617077314036,0.0208825366086995,0.377219172549794,1,0.0260778329833986,0.0376223603222798,0.0812780357765567,0.117259419148034,0.107244953827951,0.000110914932004568,235.115619800629,731.796155644846,0.004,0.995111111111111,0.995777777777778,"SVM","SVM"
"prototype",2,499,0,499,4500,0.110888888888889,0,1,2,2,2,0,1000,0.00466666666666667,0.995333333333333,0.5,0.700507117895473,0,6.25022393793059,3,51.6758395989869,0.0227393812643169,0.388816213448846,1,0.0297032085773701,0.0428526717130623,0.0812780357765567,0.117259419148034,0.110867178483505,0.000114065870421469,260.403996985407,711.553505060168,0.00466666666666667,0.994888888888889,0.995111111111111,"SVM","SVM"
"steel",2,499,0,499,4500,0.110888888888889,0,1,2,2,2,0,1000,0.00355555555555556,0.996444444444444,0.5,0.70207846629811,0,5.87789848499541,3,49.1527582083431,0.0206520695309182,0.419168930991304,1,0.0235998722310811,0.0340474186333938,0.0812780357765567,0.117259419148034,0.104761261902702,0.000116646104935591,202.320276738878,695.791683026504,0.00355555555555556,0.995555555555556,0.996222222222222,"SVM","SVM"
"scotland",2,499,0,499,4500,0.110888888888889,0,1,2,2,2,0,1000,0.0197777777777778,0.980222222222222,0.5,0.679136779619613,0,7.78353580305708,3,70.6123707320325,0.0233432645478442,0.489530791209151,1,0.0971729999652897,0.140191005158227,0.0812780357765567,0.117259419148034,0.178176300279168,0.00027473546267856,353.696603335776,294.841079211721,0.0197777777777778,0.979333333333333,0.979333333333333,"RF","SVM"
"reptile",2,499,0,499,4500,0.110888888888889,0,1,2,2,2,0,1000,0.00288888888888889,0.997111111111111,0.5,0.703021275339692,0,5.63239313460401,3,47.6353362761415,0.0184186021735708,0.306748710267874,1,0.0197757082781358,0.0285303162629333,0.0812780357765567,0.117259419148034,0.100972691399617,8.10526550751306e-05,243.985940495163,1001.78067018554,0.00288888888888889,0.994,0.990444444444444,"SVM","SVM"
"oahu",2,499,0,499,4500,0.110888888888889,0,1,2,2,2,0,1000,0.00488888888888889,0.995111111111111,0.5,0.700192848214946,0,6.30088279534332,3,52.0572143109852,0.0214672453657741,0.326566393502051,1,0.0308896709471806,0.0445643750901894,0.0812780357765567,0.117259419148034,0.112068465015527,9.92417082099673e-05,311.256945334182,817.990696981913,0.00488888888888889,0.995555555555556,0.978444444444444,"SVM","SVM"
"kauai",2,499,0,499,4500,0.110888888888889,0,1,2,2,2,0,1000,0.00577777777777778,0.994222222222222,0.5,0.698935769492836,0,6.36435683508242,3,52.6682742811429,0.0224876654909868,0.338201305542636,1,0.0355381963093908,0.0512707795776966,0.0812780357765567,0.117259419148034,0.116706001911477,0.000110230174470038,322.399891683475,736.34833649065,0.00577777777777778,0.995111111111111,0.992444444444444,"RF","SVM"
"maui",2,499,0,499,4500,0.110888888888889,0,1,2,2,2,0,1000,0.00333333333333333,0.996666666666667,0.5,0.702392735978637,0,5.94255352668095,3,49.3379915891285,0.020586760070438,0.301197039900245,1,0.0223403798434845,0.0322303552117708,0.0812780357765567,0.117259419148034,0.103539475746365,7.89398736765723e-05,283.005011320592,1028.61953181689,0.00333333333333333,0.997777777777778,0.993111111111111,"SVM","SVM"
"hawaii",2,499,0,499,4500,0.110888888888889,0,1,2,2,2,0,1000,0.00355555555555556,0.996444444444444,0.5,0.70207846629811,0,5.93335268484184,3,49.3513678861649,0.0198559492497957,0.301620468632462,1,0.0235998722310811,0.0340474186333938,0.0812780357765567,0.117259419148034,0.104796308083331,8.15999243064293e-05,289.214388759201,995.055283964924,0.00355555555555556,0.998222222222222,0.993111111111111,"RF","SVM"
